shop_id,good_num,cmmt_num,consume,offer_cnt,ord_cnt
1,792,819,24623.4,385,1759
2,426,449,,234,1158
3,259,282,713905.0599999999,211,921
4,159,170,873667.3100000003,28,435
5,6972,6979,11325.369999999999,410,1489
6,16502,16580,77874.52000000003,1087,2468
7,2301,2338,,3302,3436
8,553,572,1402300.2800000005,1548,1777
9,7425,7452,,4679,5236
10,39,42,,159,232
11,550,556,,0,1429
12,1400,1478,,4308,4317
13,217,249,13990.519999999999,308,822
14,1002,1164,,1295,3885
15,370,386,2177795.629999999,703,1809
16,5394,5421,245624.9399999999,1652,3062
17,28088,28154,,8454,10404
18,191,192,,0,272
19,358,389,,407,1077
20,489,515,1481924.1599999997,1484,1812
21,84,90,,14,273
22,12072,12108,1581.51,3911,4571
23,113,130,,45,266
24,3250,3266,235186.14999999994,2646,2720
25,250,271,58855.34,327,533
26,8160,8251,653013.54,2505,4050
27,327,331,122979.28000000001,201,622
28,8283,8306,,38,9521
29,3501,3543,,5638,6287
30,2681,2717,144446.41999999998,1347,1811
31,384,407,,48,544
32,10548,10565,15311.789999999994,3637,4356
33,58,68,545185.4999999999,76,274
34,1244,1285,415466.66999999987,0,4125
35,88,93,623255.23,0,417
36,1724,2180,,0,8801
37,187,214,,63,781
38,670,678,,1167,1182
39,1720,1727,,2341,2482
40,576,607,620490.5199999999,651,1102
41,4350,4493,294857.2099999999,173,3347
42,106,113,,99,382
43,72,74,,131,176
44,767,793,50180.09999999999,124,1537
45,634,712,210360.63999999996,0,1616
46,572,573,,1469,1571
47,4401,4660,,9609,9628
48,2417,2421,,1460,1575
49,1840,1850,23723.910000000003,81,989
50,5870,5893,4913.64,4221,4501
51,584,593,,1141,1216
52,1206,1357,,1786,2771
53,1792,1904,293567.79,1809,2162
54,398,404,606255.85,736,951
55,796,907,,914,3511
56,345,373,,552,812
57,83,98,,0,544
58,716,733,,0,1874
59,501,537,,721,787
60,303,305,46114.89000000001,170,275
61,236,250,,337,592
62,1545,1588,,10,3201
63,279,303,,245,546
64,9989,10005,286902.07999999996,5625,5667
65,119,132,,9,462
66,78,83,117216.56000000004,140,175
67,31,32,,105,112
68,250,267,,90,651
69,15233,15266,,5264,5668
70,6758,6845,,8610,9388
71,16026,16037,1774.12,2882,3355
72,32057,33943,15334.100000000002,2468,36118
73,41169,41294,49601.75000000001,6374,7844
74,12,13,,0,41
75,2359,2433,1847245.2999999998,2165,3937
76,561,587,246974.76000000004,359,1428
77,177,183,,23,439
78,113702,113885,1409960.8,14050,19399
79,2792,2816,18168.54,2729,3014
80,14860,14909,25033.87,3617,5387
81,2733,2752,0.0,633,1490
82,31318,31381,8136.75,7101,8755
83,2500,2539,,1114,1734
84,1875,2033,,4074,6576
85,2668,2892,1611527.7700000005,7440,8395
86,216,219,,32,462
87,66,67,174117.88999999998,7,107
88,1533,1561,8866.66,719,1187
89,9927,10117,,2281,9320
90,2441,3069,,6934,9551
91,134,144,,137,249
92,3639,3665,140819.69999999998,1001,1222
93,637,693,1521590.9500000002,19,3257
94,447,462,174935.19999999998,816,1081
95,14025,14108,,2425,4374
96,7921,8084,1458283.6900000002,1470,15922
97,60,68,,2,335
98,603,626,,0,1335
99,264,303,,721,1250
100,452,461,,474,685
101,2942,2953,170576.2,1824,1842
102,7963,8087,135302.74999999997,2797,4587
103,575,634,126380.61999999997,386,2793
104,233,255,,106,714
105,262,285,404182.7899999999,129,782
106,1148,1164,81903.43,698,1113
107,514,526,125087.06000000003,390,575
108,252,253,9744.61,201,417
109,3382,3460,,920,3960
110,50,62,582.9300000000001,11,304
111,825,849,794236.5399999999,0,5242
112,620,627,,954,960
113,970,990,,415,804
114,70,82,,61,306
115,31,35,,30,105
116,9626,9717,,8301,8812
117,651,654,27844.620000000003,414,1363
118,201,233,32562.449999999997,2,954
119,3127,3153,,3,2966
120,29597,29616,56374.42999999999,5570,6221
121,4174,4187,16676.649999999998,3934,3994
122,2477,2555,,528,2512
123,72,76,,99,264
124,343,343,,292,359
125,945,994,3020857.4000000013,142,2350
126,10,11,,0,51
127,4376,4397,29366.449999999993,494,3984
128,23,24,,0,51
129,1108,1116,59864.04,0,1453
130,1328,1388,37821.229999999996,24,3112
131,113,136,135393.88,5,687
132,314,338,393664.3799999999,392,742
133,205,249,,0,895
134,29,29,,1,127
135,45,51,,130,206
136,71,79,39.35,0,209
137,1621,1629,,2139,2163
138,327,346,947853.0699999998,738,911
139,541,557,815598.0099999999,54,917
140,38,40,,66,68
141,521,547,1104993.7300000004,398,1529
142,115635,115687,994814.5299999998,13602,15933
143,12,12,,53,68
144,221,221,,183,186
145,617,627,,730,911
146,177,183,,0,400
147,923,934,470701.35,751,1053
148,4067,4118,14312.150000000001,1989,2792
149,595,637,201516.29,1015,1747
150,5874,5900,,2966,3266
151,1933,1944,94644.78999999998,2532,2539
152,244,277,293003.38,236,561
153,198,212,,42,654
154,1289,1296,84876.88,1307,1317
155,2504,2509,15487.740000000003,276,1318
156,11944,12869,1069774.66,3058,18030
157,105,109,,141,266
158,18922,18989,1490124.3200000005,5038,6433
159,9351,9369,186374.61000000002,2892,3725
160,5834,5837,,65,1976
161,511,522,32562.499999999996,463,767
162,1469,1524,,3118,3235
163,258,277,,593,605
164,8552,8609,164209.14000000004,6027,6739
165,109,122,1392127.1099999996,3,549
166,1676,1680,,0,517
167,624,709,,0,1636
168,1324,1580,1452109.1200000006,124,7878
169,1350,1502,,0,5082
170,107,132,7594.61,68,502
171,8734,9816,1014488.79,2787,24592
172,1225,1462,,1304,3456
173,4363,4372,,5434,5441
174,104,114,,0,698
175,17,18,,65,78
176,1442,1465,,2158,2172
177,1152,1289,,652,2392
178,248,255,1090957.2700000003,59,851
179,1113,1132,,487,1396
180,2148,2150,,0,1136
181,3569,3605,,2626,5944
182,902,966,2815858.099999999,76,1908
183,16057,16120,,8260,9210
184,142,177,191755.79999999993,274,695
185,63,69,,236,277
186,3626,3839,3368799.6699999995,10371,10451
187,974,986,544138.1,1340,1340
188,44,47,0.0,0,103
189,1803,2309,,1848,9083
190,616,720,,21,2623
191,10925,11003,13224.080000000002,3918,5487
192,5747,5773,11785.470000000001,3955,4417
193,111,123,1341142.1600000004,45,534
194,707,711,78485.69,793,1126
195,23,25,,57,59
196,2846,2895,0.0,2091,2322
197,6433,6508,,3182,3584
198,2940,3027,353534.3900000001,1790,3484
199,854,860,,9,712
200,21387,21454,,5151,14247
201,4126,4805,67082.87,407,4859
202,518,531,0.0,619,874
203,190,190,7320.249999999997,0,336
204,90,106,,11,459
205,3,8,,6,9
206,534,579,,593,904
207,443,485,457569.35999999987,298,941
208,4977,5035,,4466,5671
209,162,166,21244.890000000003,218,387
210,3184,3218,59176.04999999999,1616,2140
211,1039,1068,,1228,1242
212,1888,1923,110250.20000000004,3204,3224
213,1819,1882,1166801.1999999997,682,4679
214,829,836,327436.9900000001,385,1026
215,130,149,,62,455
216,17618,17628,283694.9099999999,2489,2885
217,2703,2959,711461.0699999998,2505,7537
218,2788,2969,230782.02000000002,94,8562
219,589,609,113932.62000000004,2,510
220,3069,3095,,4207,4677
221,143,152,2439801.3600000003,21,1069
222,4953,5053,96303.21999999999,2680,5121
223,1756,1792,45892.560000000005,138,1963
224,4178,4266,24609.800000000003,3495,5632
225,217,245,,25,887
226,121,127,,0,288
227,99,104,,200,305
228,3423,4616,,5377,14966
229,5537,5586,,2971,2976
230,4497,4628,474550.02999999997,5777,10077
231,1642,1841,,89,5200
232,972,1008,,0,2765
233,181,189,,190,343
234,691,745,,1,2270
235,53,56,3380.550000000001,0,178
236,1032,1049,,0,2066
237,419,420,1169887.66,414,672
238,50576,50592,28347.63999999999,5797,6048
239,6131,6977,22764.52,6698,20154
240,25015,25074,,3190,5809
241,725,775,,1975,2041
242,91,96,0.0,0,308
243,3943,3959,94766.15999999999,1302,2599
244,966,1028,,144,1354
245,3352,3556,4710805.190000001,4124,6041
246,2338,2344,,337,1164
247,750,821,,1336,2021
248,819,837,,1011,1327
249,548,563,15625.97,27,1066
250,3900,4090,5534.85,15,7943
251,2648,2670,,1963,2127
252,51,52,13492.880000000001,4,307
253,480,483,,0,815
254,69,80,,34,295
255,221,256,581747.82,788,788
256,1436,1463,2863008.83,2285,3571
257,300,317,,34,902
258,6974,7069,,3152,5018
259,302,329,203898.47,231,1170
260,1743,1829,939208.4300000002,4443,5739
261,74,84,,368,368
262,3911,4194,,0,5699
263,123,133,,5,348
264,27661,27723,,8345,9638
265,88,97,1111691.5300000003,7,710
266,270,274,,83,535
267,77,83,,28,135
268,463,488,,236,1717
269,1080,1089,150801.62,774,783
270,393,399,126907.38999999997,1029,1090
271,11915,11917,,4617,5088
272,403,412,110301.91999999998,1,949
273,9702,9706,15648.01,960,1115
274,32,34,,0,84
275,10852,10858,,1539,1922
276,223,255,,88,495
277,1074,1128,14457390.540000005,629,3131
278,70,73,78610.02000000002,11,206
279,1730,1849,,3278,3409
280,9020,9049,39314.01,4739,5817
281,1850,2060,,1837,8008
282,1270,1347,133624.77,1051,2970
283,3068,3071,,705,710
284,801,802,232.95000000000005,19,376
285,150,151,51.43,6,225
286,13415,13423,,3838,5100
287,9607,9623,1167239.0600000003,3260,4418
288,95189,95299,145996.27999999997,11099,13440
289,4395,4411,,1739,1778
290,24,27,,22,80
291,417,485,,1004,1450
292,8346,8414,2064036.38,24,4958
293,899,932,483336.90999999986,199,2025
294,33,35,,0,184
295,695,744,366012.72,258,1844
296,54,60,,28,260
297,721,822,,499,2166
298,2323,2330,,1210,1675
299,428,439,533391.9500000001,650,694
300,940,982,,941,1731
301,1641,1726,294304.53999999986,1642,2984
302,1826,1855,,3418,3711
303,1446,1460,69600.43,115,1448
304,1538,1779,,1428,5052
305,2435,2544,,9299,11121
306,3115,3128,110794.16999999998,734,1254
307,2229,2232,26821.36,810,995
308,1214,1218,246700.1399999999,643,754
309,121,183,733065.3900000001,28,407
310,285,336,12688.5,544,1298
311,7905,7912,119374.27000000002,1703,1908
312,2641,2680,2068571.250000001,4528,4538
313,44,45,,148,148
314,828,833,756585.05,1521,1529
315,41,48,,40,250
316,609,652,,1140,1414
317,2576,2636,1058367.6500000001,4092,4121
318,2934,3114,,1293,3615
319,25,27,39622.21999999999,9,69
320,214,226,308326.29,169,382
321,651,672,197506.97999999995,907,1363
322,104,116,7182.339999999998,312,348
323,1640,1673,,2094,3136
324,64,64,,120,209
325,109,111,,217,284
326,550,556,,0,656
327,2818,2837,1073035.86,2916,3971
328,212,217,1872892.7700000005,167,497
329,8018,8041,150110.24999999997,1953,2595
330,10206,10712,819354.2499999999,3484,11678
331,438,449,13141.71,1144,1179
332,94,121,,10,448
333,80,85,,0,346
334,179,197,,543,552
335,1484,1501,1167511.4899999995,334,1269
336,5998,6049,755420.69,5528,6554
337,529,562,1240730.5800000005,128,958
338,420,478,185100.94,342,1119
339,2913,2930,,812,1240
340,71,72,,117,146
341,4557,4604,,2168,3903
342,65,83,241288.48999999993,55,324
343,1079,1079,23457.189999999995,1456,1459
344,715,799,22624.59,144,1981
345,242,276,,342,377
346,9643,9678,486818.68,1609,2395
347,10525,10639,9143.27,2240,3320
348,353,360,295434.17000000004,103,694
349,49443,49473,8147.12,5909,6865
350,1507,1845,,2686,6313
351,1504,1507,279846.46,79,1034
352,4367,4464,781771.91,4553,7914
353,28123,28177,10805067.109999998,3034,5974
354,107,112,0.0,166,367
355,618,633,193049.9100000001,932,944
356,4317,4498,1226590.4900000005,1993,4998
357,1561,1614,,538,3772
358,999,1055,,445,1789
359,483,486,20057.25,140,563
360,61,65,275958.36,195,195
361,601,612,0.0,136,1006
362,209,213,,0,307
363,1822,1848,343144.07,2934,3080
364,331,349,12214.079999999996,291,444
365,1105,1112,141817.55,343,413
366,102,111,,0,296
367,1929,2023,169511.19000000003,1153,1623
368,13065,13111,34314.33,3246,5644
369,205,209,,452,453
370,112,130,,516,607
371,1623,1701,2661111.049999998,3368,5261
372,552,578,873847.2100000003,390,1400
373,927,1087,,2321,2361
374,79,88,,233,244
375,195,248,,0,631
376,44,45,,45,99
377,120,130,0.0,28,500
378,112,132,,256,804
379,146,148,,1,278
380,816,830,,26,788
381,7,7,,23,24
382,1092,1105,64067.26999999999,1150,1207
383,1050,1120,2935153.01,570,3282
384,435,436,,0,900
385,308,325,265451.82,51,564
386,2037,2065,,2252,3196
387,2425,2448,,790,3736
388,26,27,31809.850000000002,20,81
389,5146,5295,82451.11,6169,6850
390,51,54,,139,140
391,95,108,,308,492
392,227,285,,1868,1869
393,266,276,,99,785
394,7280,7283,668058.97,1817,2055
395,836,855,5686.83,81,1572
396,288,352,,820,1210
397,3917,4406,,7149,7503
398,2977,3067,,1212,1943
399,2174,2185,138554.12,671,1890
400,310,311,889803.14,0,760
401,109,113,,133,286
402,6427,6434,,1842,2878
403,7388,7396,,3712,3956
404,98,104,22230.370000000006,322,406
405,2018,2028,1616413.1600000001,643,1470
406,8545,8614,1354190.1900000002,3070,3692
407,10750,10888,,10797,13414
408,883,890,,202,1023
409,329,334,,309,313
410,270,284,385334.58,306,609
411,1080,1128,,1228,1796
412,569,581,,515,1082
413,5655,5702,,3163,4092
414,524,529,,369,409
415,86,89,,0,127
416,2604,2790,248164.9599999999,1070,8841
417,845,862,,1120,1138
418,933,943,,51,1584
419,6711,6744,31788.22,1610,2209
420,5681,5745,80349.82999999999,1113,4192
421,106,111,213015.22999999992,109,322
422,4043,4101,22858.16,3861,7735
423,155,182,,235,550
424,105,108,45475.28,463,473
425,380,382,,32,517
426,58,61,,5,85
427,5685,5695,259338.61999999997,2538,2669
428,33051,33076,,7991,8678
429,485,559,9040286.240000006,52,2905
430,296,301,,50,477
431,8579,8765,7783.24,6225,12134
432,3636,3669,,850,1790
433,3003,3558,,1712,6053
434,4549,4727,212932.69999999998,2523,7437
435,226,244,,213,579
436,168,174,17123.609999999997,235,402
437,126,147,,0,613
438,42,45,,134,136
439,155,156,,282,292
440,44,49,,1,203
441,160,175,,5,659
442,2082,2467,,3286,4982
443,294,341,0.0,47,802
444,115,148,65187.659999999996,162,370
445,158,170,,72,500
446,1165,1475,,4364,5222
447,32,33,,0,105
448,7200,7213,,841,1106
449,16456,16842,,6704,8741
450,197,205,1109638.2700000005,461,670
451,86,94,,328,488
452,2640,2672,746961.67,3281,3328
453,1130,1236,97230.96000000002,16,3363
454,240,257,1191972.2199999997,213,946
455,1794,2103,,3268,5751
456,2056,2270,,267,7496
457,15,16,,0,81
458,182,209,,69,870
459,5254,5260,,3303,3620
460,150,150,,96,181
461,172,190,186488.56000000003,702,1051
462,14566,14618,0.0,9277,10336
463,85,87,131072.46000000002,27,236
464,617,650,2558271.84,592,1225
465,1622,1624,,1208,1334
466,1473,1491,,1142,1810
467,6064,6067,,4655,4782
468,31,31,11881.21,8,64
469,90,91,412.26,46,178
470,4966,5316,183775.44000000003,4611,11500
471,2026,2066,3945497.2900000005,3393,3654
472,2728,2917,,3087,3115
473,4166,4210,6327.53,4177,4258
474,299,309,19182.809999999998,241,625
475,860,884,52764.88,1078,1296
476,909,914,,261,411
477,110,111,,196,230
478,317,350,8489722.98,2623,3135
479,244,269,,278,485
480,1597,1796,,6194,6205
481,151,156,77077.24,275,281
482,557,627,88488.86000000002,607,1753
483,313,327,100188.12000000001,0,740
484,1242,1304,3171731.5999999996,1904,3265
485,1154,1181,1645874.5600000005,7,2019
486,1980,1985,,1346,1987
487,41832,41851,676985.0700000001,3573,4053
488,269,270,222765.33000000002,17,688
489,5701,5733,,2814,4011
490,64,82,,10,390
491,446,453,,1187,1421
492,1279,1284,,849,1050
493,634,695,,10,178
494,139,152,289372.24000000005,448,488
495,1306,1485,,4628,5182
496,3224,3227,,644,763
497,1477,1651,,2113,3053
498,128,138,55.03999999999999,22,375
499,4179,4230,,2530,2725
500,107,129,,0,361
501,106,120,0.0,232,251
502,138,145,,0,395
503,1200,1207,,42,1573
504,12980,13014,82225.28,1758,2708
505,623,662,78411.05,282,1004
506,88,97,108.08,17,182
507,693,757,492383.36,641,1323
508,2781,3543,,9703,14192
509,94,107,,79,619
510,2635,2641,294038.64,3227,3365
511,110,132,,411,497
512,100,103,,88,356
513,135,139,,224,228
514,66,72,,221,295
515,3093,3122,,1460,3812
516,187,230,,41,822
517,4423,4462,19295.039999999994,28,5111
518,156,164,156801.63999999998,51,545
519,1230,1385,982566.0000000001,87,3300
520,8450,8516,,2454,3481
521,734,763,1057389.7400000002,1738,1768
522,2373,2378,1106.9499999999998,2766,2777
523,8568,8588,85319.5,6664,6864
524,89,93,,286,305
525,541,669,,235,2443
526,198,203,96509.44,506,533
527,738,746,487288.9700000001,95,1309
528,2376,2872,,6364,9545
529,11274,11322,951808.8499999999,4967,5649
530,40,40,,69,126
531,32,33,,12,42
532,244,278,8563.64,0,1010
533,158,181,,22,566
534,7054,7084,268967.45999999996,388,1752
535,1397,1424,21430.989999999998,0,4940
536,107,141,,59,638
537,1364,1384,394224.9100000001,1375,1384
538,111,124,134156.53999999998,290,311
539,176,196,,5,1177
540,4189,4379,,6023,6510
541,374,411,,0,1424
542,559,577,152694.70000000004,406,908
543,2021,2037,,761,1859
544,10222,10362,,5761,8831
545,36,37,,83,128
546,30,30,,37,90
547,67,80,,92,254
548,396,400,,0,750
549,689,733,551356.2000000003,97,2945
550,3457,3675,,1906,8262
551,3890,3916,,1848,2627
552,36,44,,9,156
553,137,142,,368,443
554,859,875,575284.8499999999,1578,1987
555,1033,1062,,0,2269
556,1980,1999,,3186,3640
557,7151,7187,,2294,2747
558,100,122,268446.17999999993,361,511
559,814,824,12446.93,447,1463
560,16518,17698,3092290.33,6376,19560
561,5212,5215,133240.39,2214,2316
562,467,510,,1071,1084
563,474,479,292521.1300000002,638,759
564,1882,2160,,2826,3223
565,351,370,239611.84999999992,711,846
566,11721,11727,,618,791
567,4116,4404,,749,7961
568,563,591,29733.08,714,979
569,496,516,0.0,3,1581
570,4285,4294,20158.54,2723,2978
571,1458,1502,2415690.19,3528,4536
572,1763,1793,225025.47,22,2244
573,144,164,47017.69000000002,5,577
574,598,673,53241.23000000002,3023,3032
575,108,122,,0,299
576,1941,2438,,56,11057
577,32,34,230.98000000000002,66,111
578,1343,1402,602970.6100000001,183,2281
579,3698,3761,346682.14,2073,4091
580,510,522,1068993.5500000003,1994,2007
581,1070,1193,13877294.009999998,262,6745
582,379,382,,555,559
583,1238,1255,,3233,3253
584,169,219,248412.06,859,860
585,284,292,357705.63,407,748
586,873,925,2334226.01,4,3106
587,67,78,,252,299
588,4337,4380,1175590.7100000002,793,2931
589,175,180,618320.89,302,302
590,736,764,1692129.55,66,2300
591,1850,1895,229321.83999999997,0,2537
592,1022,1051,980738.0800000002,1481,1739
593,411,446,,0,885
594,3050,3149,813217.79,1905,4947
595,61772,61961,120935.66,6373,24317
596,1303,1334,1021265.7000000001,1410,1894
597,401,439,76896.19999999997,34,1223
598,13240,13267,14586.460000000001,3508,4081
599,38,46,,104,240
600,24219,24234,,2900,3383
601,423,448,117089.49,81,1166
602,1027,1046,137945.4,1012,1699
603,2902,3804,,8135,12453
604,4722,4726,40276.439999999995,2809,2939
605,4278,4518,985397.9700000001,9907,12025
606,200,231,1600032.7300000007,0,1025
607,4250,4253,,543,699
608,243,256,117050.97000000002,58,570
609,78,99,32758.590000000004,6,375
610,30,33,0.0,154,171
611,643,653,198710.1700000001,200,718
612,13986,14083,,4805,6147
613,191,198,,66,275
614,7327,7344,182757.92000000004,5909,6838
615,2859,2896,,2888,3377
616,114,120,1425784.5999999996,554,587
617,96,100,79409.42999999998,28,177
618,601,610,490387.6199999999,242,875
619,3397,3585,701221.2799999997,3097,5567
620,34,36,,86,86
621,122,147,26252.25,49,278
622,422,447,0.0,186,1663
623,182,184,,15,182
624,14000,14043,,8634,8855
625,540,561,1653467.0699999998,886,1024
626,92,94,198241.01999999996,437,462
627,1035,1126,,43,3347
628,5307,5340,,4458,5408
629,455,528,2521876.5300000003,685,1258
630,7334,7363,8458.34,4866,5719
631,821,859,,1140,1471
632,6991,7076,71354.43000000001,8204,8301
633,5677,5706,,3990,4445
634,5745,5834,,3598,4352
635,79,83,,6,222
636,5950,6057,,3695,7249
637,80862,80868,13136.550000000003,8323,10659
638,17050,17210,597346.3300000002,6200,8970
639,587,712,,1237,1940
640,1695,1716,,1170,1291
641,8196,8245,570840.8199999997,2814,4089
642,109,114,,0,344
643,3373,3374,170881.97000000003,1286,1838
644,138,145,,13,452
645,857,1058,8686.1,1327,4097
646,229,270,1873398.4300000004,74,1389
647,1999,2007,19753.969999999998,1686,2559
648,73,75,,79,219
649,1388,1393,,1761,2343
650,2128,2264,,3960,4085
651,2222,2230,,1030,1210
652,3847,3857,,1966,1974
653,501,521,,27,1026
654,6675,6696,72755.71,3084,3209
655,805,821,450023.76999999996,1398,1861
656,7215,7217,34421.340000000004,1899,2168
657,2140,2778,,5846,9124
658,62,64,,16,239
659,96,103,10930.800000000001,254,459
660,1780,1922,3884777.099999999,4428,4587
661,92,98,48687.349999999984,344,347
662,67,73,89253.03,257,265
663,3196,3258,174999.34000000008,764,2129
664,16586,16919,1554392.06,1268,11094
665,1924,2086,4443930.430000002,1096,2653
666,953,956,,34,963
667,299,383,,0,2058
668,9865,10014,14.2,541,5087
669,1250,1437,,1689,4534
670,182,193,318981.93000000005,196,497
671,6882,6950,27414.39,3592,6532
672,672,675,,355,450
673,334,378,164136.50999999998,776,810
674,18,20,,58,101
675,687,708,219029.06999999998,491,1314
676,498,548,402860.31,9,1005
677,444,466,44361.409999999996,98,1201
678,1121,1155,0.0,663,2388
679,187,214,53147.95999999999,22,568
680,1745,1786,2092735.8800000004,1712,3141
681,16069,16150,127225.83999999997,2804,4468
682,193,200,,0,994
683,93,97,1585633.4400000002,0,533
684,224,270,,0,1222
685,10526,10580,751415.4800000001,974,2143
686,3559,3663,43639.56,3838,6628
687,61,64,,17,135
688,5403,5424,706562.0099999995,4813,5293
689,106,137,6433.339999999999,18,644
690,3029,3033,50673.68000000001,5049,5065
691,531,557,311156.62000000005,225,688
692,6815,6854,,771,5458
693,4079,4307,,2062,6214
694,731,754,119391.01999999997,411,1320
695,258,299,2496873.7899999996,14,1385
696,449,452,,396,403
697,256,268,,638,730
698,2956,2959,408014.84000000014,1036,2603
699,503,506,19467.079999999994,129,507
700,185,235,171199.48,143,1034
701,1735,1742,14262.79,1227,1243
702,278,338,,2293,2300
703,1304,1395,,628,3047
704,235,242,,524,756
705,1121,1186,,261,2776
706,54,62,,136,159
707,12503,12868,,6457,13638
708,2305,2396,,2072,2793
709,493,627,,763,2436
710,3535,3578,8951.730000000001,1810,5271
711,59,72,,12,500
712,268,269,42513.950000000026,11,409
713,4594,4615,,294,2306
714,529,639,259308.05999999994,163,1663
715,5753,5838,21915.54,930,2879
716,471,607,,0,2971
717,2677,2847,8365.359999999995,81,5105
718,286,358,926338.55,441,961
719,41003,41036,,9674,11092
720,1107,1110,,76,970
721,253,266,,821,892
722,937,947,,1598,1615
723,315,367,,0,1811
724,786,802,54330.10999999999,1779,2301
725,59467,59552,,9832,11816
726,7578,7629,,580,3886
727,39,40,,0,164
728,158,159,,0,254
729,330,335,,369,435
730,35215,35294,274266.8599999999,6609,8186
731,402,408,,260,311
732,410,463,,517,825
733,183,194,,116,393
734,11605,11648,,6896,6936
735,798,811,,590,1311
736,4458,4508,,6433,6543
737,1234,1254,1859609.4100000008,2208,2300
738,6082,6135,,1049,1786
739,1068,1090,417146.09,932,1546
740,151,188,140846.27999999994,186,681
741,3457,3484,,4222,4246
742,1416,1424,28587.479999999996,2887,3053
743,142,145,,11,307
744,97,107,,264,303
745,60,62,,89,99
746,148,162,297556.92000000004,283,290
747,17404,17416,137021.77,4408,6237
748,818,899,1955777.4699999995,0,4801
749,570,582,,0,798
750,307,410,31819.799999999992,211,1195
751,11960,11988,1541627.98,3604,3999
752,526,531,37938.51,686,978
753,622,631,459789.52,286,578
754,509,514,299238.04,475,532
755,190,211,,140,561
756,2007,2042,42.38,654,1753
757,348,361,,170,728
758,6519,6526,55917.06999999999,975,1318
759,104,106,45624.44999999999,9,306
760,328,409,,0,1731
761,82,83,2617.9000000000005,123,129
762,10876,10967,,4032,4567
763,140,159,1233714.9400000006,437,439
764,254,286,,0,970
765,913,992,203433.83999999997,695,2293
766,3403,3413,,1432,1554
767,54,67,701521.1199999998,214,217
768,924,951,11690.52,249,933
769,54,59,,0,123
770,134,168,,0,483
771,5232,5567,145829.16,7957,8487
772,4865,4915,1223323.29,813,4471
773,276,313,,177,920
774,6306,6331,20280.74000000001,4330,7336
775,2745,2751,,58,1098
776,159,166,,201,391
777,301,386,38147.26,1831,1863
778,1618,1838,,703,1296
779,636,640,,748,777
780,97,113,,33,346
781,20599,20645,,5122,5850
782,4090,4145,417715.52999999997,1722,4610
783,1671,1718,802794.9500000002,1533,2557
784,46,52,,3,228
785,782,925,,1273,3261
786,3628,3689,70058.53,2808,3454
787,29546,29616,,8535,10511
788,18068,19030,,14387,18794
789,1039,1097,519901.80999999994,2135,3713
790,517,528,660.4200000000001,115,926
791,741,756,457476.3700000001,42,1683
792,3629,3653,331688.7299999999,812,1384
793,1133,1134,144082.16,616,616
794,68,72,,0,250
795,720,776,1133992.45,0,4369
796,339,348,,151,627
797,1034,1064,1441969.4699999997,1244,1249
798,3054,3158,1994540.5799999998,846,2358
799,11458,11463,,1214,1556
800,852,877,,1020,1049
801,1138,1181,1316021.39,2119,2371
802,1807,1870,,356,1562
803,3717,3747,54942.090000000004,1423,2713
804,763,845,106006.73999999998,682,1835
805,51,52,0.0,158,158
806,922,1050,15086.590000000002,2279,3376
807,7623,7691,98025.66000000002,7177,7802
808,1797,2070,8407442.200000001,7988,8044
809,1376,1456,11663.4,1282,2286
810,141,147,,0,120
811,5157,5167,441702.76,1177,1578
812,266,268,,51,481
813,656,674,55525.020000000004,300,866
814,1161,1220,555315.86,40,1981
815,993,993,,202,242
816,672,686,,760,1056
817,3289,3543,,4320,11111
818,264,294,82055.41999999998,52,699
819,1935,2083,,0,6239
820,989,1010,,5163,5207
821,6515,6547,271303.83999999997,1418,2129
822,181,196,,16,377
823,2814,2959,206914.24,6069,9457
824,237,245,24487.750000000004,611,747
825,131,146,,8,566
826,923,944,720852.97,1535,1545
827,1060,1212,,1273,3048
828,12554,12788,,4376,4501
829,1346,1360,,47,897
830,92,93,,172,181
831,1133,1194,155957.97000000003,248,3102
832,2991,3003,48872.36000000001,1555,1824
833,648,654,1253715.39,722,1062
834,12963,13042,,6654,8197
835,210,214,,345,356
836,217,247,,717,818
837,1020,1025,,1275,1350
838,9459,9487,55861.80999999998,0,4550
839,1918,1965,,1264,4635
840,4213,4245,35097.82,715,2500
841,79,84,,0,236
842,9700,9728,,2364,3629
843,713,882,55045.26000000001,850,3057
844,44,56,,160,354
845,932,952,17562.62,318,747
846,562,571,891577.1400000001,1033,1241
847,697,726,,0,1371
848,832,844,2343370.9299999997,360,1001
849,2145,2214,162182.09999999998,666,3602
850,648,685,12885.999999999998,361,1471
851,1873,1957,622177.8199999998,3960,4072
852,314,321,67809.15999999999,424,674
853,856,890,1889899.33,1920,2635
854,172,180,1166104.1500000001,11,544
855,2584,2625,1557953.9700000004,3010,3569
856,87,95,162272.25999999995,21,119
857,793,831,406273.11000000004,442,1010
858,1133,1148,,1305,1647
859,208,233,,585,879
860,190,210,306617.63999999996,0,667
861,4916,4956,,3525,3735
862,1356,1464,893104.0699999997,440,3641
863,27888,27899,27750.78,2625,3473
864,696,729,11327.56,973,1542
865,4561,4625,201851.00999999998,4241,6794
866,2028,2041,,2169,2304
867,142,143,7343.7,0,150
868,323,345,,341,1252
869,67,70,,0,214
870,78,85,18493.269999999993,10,68
871,4742,4781,,2120,2803
872,1050,1151,,2075,2507
873,188,205,,144,808
874,1237,1280,33038.51,1808,1855
875,2877,3185,,5026,5226
876,230,236,,651,653
877,985,1044,2833906.749999999,2813,2902
878,183,190,529740.75,599,603
879,44,48,,0,204
880,598,600,538309.6,115,680
881,1978,2522,,928,10174
882,16712,17801,1183672.4600000004,3560,17758
883,991,1059,,1149,1226
884,155,165,,3,424
885,15569,15681,,5676,7507
886,1426,1762,,5717,6810
887,3738,3931,1586667.7600000005,1536,15528
888,191,244,,0,1383
889,2596,2755,,2978,5452
890,199,208,,50,428
891,90,98,,0,444
892,9733,10130,2374113.710000001,9902,17305
893,9195,9209,3308181.12,2941,4281
894,468,504,,238,726
895,194,197,,10,228
896,160,196,,564,751
897,596,629,2351639.8100000005,1608,1739
898,141,156,,30,506
899,4082,4136,17790.209999999995,1525,3949
900,315,318,28894.059999999998,421,445
901,529,534,307890.76000000007,1029,1036
902,3282,3460,,2611,4498
903,617,654,,1821,1827
904,1127,1129,,977,1118
905,163,170,,0,806
906,784,893,,0,2855
907,321,352,141616.90000000002,19,1140
908,14474,14628,,1804,8818
909,259,286,,0,826
910,2923,2959,11676.58,406,1903
911,43,43,,8,86
912,1791,1896,22450098.560000017,3469,4713
913,1471,1519,1659822.0299999993,1232,3785
914,2300,2323,,754,1336
915,1247,1396,,5801,7591
916,236,254,10535.35,184,419
917,996,1177,1943377.1100000003,3667,3969
918,251,267,,3,239
919,4520,4586,1949.0499999999997,1531,1547
920,617,634,,1262,1280
921,94,103,3561.07,34,299
922,33,35,,1,119
923,22,27,,41,168
924,3118,3146,,626,3029
925,248,265,,886,947
926,200,209,,18,279
927,623,626,17460.55,159,1493
928,7483,7775,,9343,11655
929,154,157,10568.41,221,392
930,159,176,,0,733
931,259,268,,64,948
932,10536,10539,180596.46999999994,4133,4546
933,7,8,207726.77999999997,0,32
934,74,81,5052.0599999999995,163,187
935,332,460,,341,1799
936,190,191,,412,436
937,34,36,,22,62
938,5916,5950,5850.95,4527,5264
939,1271,1467,,1144,1482
940,6309,6482,3072230.57,4524,11200
941,263,264,107255.93000000004,444,557
942,3965,4019,1334230.55,4675,5584
943,55,57,348342.42,155,231
944,264,294,,229,1165
945,928,953,2421128.959999999,775,2631
946,10484,10773,,4149,6726
947,218,285,,544,865
948,216,244,,878,880
949,1902,1943,404347.2499999999,2549,3141
950,67,79,,17,297
951,2397,2478,,975,2344
952,185,190,71350.74999999999,215,298
953,345,376,,509,1397
954,722,805,,2974,2974
955,1032,1110,,1322,1496
956,9900,10340,9071719.110000005,11109,21856
957,4137,4152,,1138,1803
958,1954,1966,,500,657
959,1381,1465,,17,3704
960,139,170,,363,732
961,23265,23275,,3193,3741
962,4582,4846,29605.339999999997,3855,6490
963,225,254,,173,866
964,167,174,,555,724
965,42,43,,127,139
966,299,345,,683,1144
967,2220,2346,,0,4568
968,266,275,,419,613
969,101,105,11317.78,262,263
970,1383,1497,71731.22,1979,3380
971,338,341,6137.92,0,519
972,240,245,33269.68999999999,0,422
973,10459,10488,,3186,3609
974,208,210,,121,125
975,178,206,,0,1174
976,192,214,,99,507
977,2469,2517,,808,5328
978,8434,8480,,6956,7422
979,1033,1057,,747,1048
980,10037,10099,62263.729999999996,4121,5220
981,844,903,553987.0700000001,589,1807
982,1130,1149,,697,1085
983,262,280,,0,770
984,33,37,,15,121
985,934,971,678.13,0,1570
986,438,475,,723,1471
987,8523,8572,,3655,4351
988,452,526,,276,2149
989,1328,1433,183884.64,1780,2993
990,72,75,63650.46000000001,32,151
991,4220,4633,4034.4700000000003,15370,15452
992,3601,3674,9530868.619999995,434,2518
993,278,283,784424.6900000001,2,841
994,44,51,348164.02,110,162
995,13090,13195,0.0,4839,5558
996,1333,1430,52331.88,1526,1594
997,1795,1818,247352.2,628,1349
998,1239,1304,122687.27,138,1357
999,2527,2537,56687.31000000001,932,1300
1000,49854,49886,,8058,8063
1001,1558,1609,174240.20000000004,712,2199
1002,273,283,102722.56,391,751
1003,752,755,,854,1951
1004,1122,1123,220769.07,1614,1627
1005,2725,2832,368515.3000000001,87,3079
1006,650,680,,0,1961
1007,2366,2382,1616.99,1916,1991
1008,87,102,,421,504
1009,12672,12699,199150.24999999997,5943,6201
1010,4642,4666,69.49,5680,6020
1011,2503,2549,96031.12000000002,1730,4501
1012,292,306,,13,874
1013,8051,8064,,999,1207
1014,1419,1502,,0,2550
1015,486,529,133354.74,529,979
1016,58,61,7495.7,0,206
1017,7681,7791,,5793,7974
1018,322,330,137491.84,276,695
1019,1224,1237,1425683.19,1741,1750
1020,1608,1628,336586.5999999999,2300,2385
1021,465,466,86444.76999999999,354,354
1022,219,237,,113,510
1023,1309,1347,495274.1900000002,2631,2662
1024,14799,14847,,8029,8800
1025,833,864,51216.91,854,1537
1026,67,75,,29,223
1027,2840,3015,,4627,5246
1028,237,254,,2,579
1029,226,233,,514,514
1030,529,571,354414.71,746,1497
1031,104,108,25061.559999999994,471,500
1032,2857,2862,,254,1630
1033,733,765,430915.3400000001,56,2693
1034,4759,4763,380881.02999999985,3084,3499
1035,789,818,,1165,1166
1036,16122,16220,983971.6800000002,3716,6183
1037,2992,3001,8281.29,828,1453
1038,9495,9721,956146.2699999998,8737,10677
1039,216,220,5114.92,479,497
1040,1371,1415,1369648.14,1218,2391
1041,7143,7578,725684.54,14236,14564
1042,4391,4415,,10,4419
1043,759,880,11427581.820000002,0,3487
1044,217,220,103838.61000000003,810,830
1045,245,294,55120.67,0,1011
1046,4260,5348,,13816,18487
1047,29,33,,121,123
1048,1714,1735,424405.6400000001,868,1749
1049,517,535,3759733.4,955,1193
1050,1279,1286,0.0,0,2309
1051,147,149,,97,150
1052,357,368,154827.36000000004,162,419
1053,481,586,,0,2476
1054,13,13,,39,42
1055,1347,1359,277064.66000000003,129,1838
1056,206,215,,31,318
1057,9992,10013,40332.299999999996,3921,4488
1058,120,129,,0,488
1059,582,586,0.0,897,934
1060,279,303,,753,895
1061,211,217,,2,343
1062,234,243,309619.18,486,706
1063,7940,7986,,9468,9447
1064,2949,2966,14417.55,1643,2912
1065,359,360,,139,192
1066,2951,2989,3726576.000000001,70,3852
1067,3956,3972,37552.81,1847,2534
1068,408,444,,0,1276
1069,269,300,,301,462
1070,1150,1176,,561,3974
1071,156,166,124849.92999999996,43,301
1072,111,128,,0,557
1073,473,492,449239.59999999986,0,872
1074,157,177,,0,532
1075,287,346,,106,1380
1076,73,77,,45,237
1077,715,738,970656.3999999998,2236,2281
1078,465,468,,36,730
1079,253,287,560124.33,1095,1517
1080,1709,1760,14026.360000000002,1819,1823
1081,2794,2804,,0,1520
1082,523,557,,353,957
1083,7447,7457,13765.109999999999,4612,5013
1084,1852,1864,26183.85,970,999
1085,3694,3790,44130.799999999996,6257,6367
1086,844,888,456553.2499999999,446,2796
1087,3582,3608,,3375,4572
1088,231,255,,34,896
1089,4581,4616,3842.39,1572,2571
1090,70,75,2572.52,246,258
1091,248,266,,969,1001
1092,14020,14090,,2865,4694
1093,114,120,,257,373
1094,79,82,,0,166
1095,41,44,40855.85,75,161
1096,1456,1508,4582386.12,862,2951
1097,53,61,,161,170
1098,4040,4139,392461.37999999995,7522,7882
1099,1181,1183,,0,987
1100,742,889,,1454,2698
1101,112,118,,79,290
1102,58,60,,2,142
1103,75,94,,0,226
1104,137,165,,0,744
1105,312,317,41117.87,55,540
1106,47,47,,22,118
1107,12021,12056,,2935,3678
1108,2773,2806,64949.08000000001,3334,3811
1109,4517,4561,,3062,3074
1110,224,225,0.0,124,342
1111,100,115,,0,349
1112,9355,9362,,3498,4305
1113,37,37,,137,139
1114,2039,2072,,772,1393
1115,104,112,,0,92
1116,1,1,,0,24
1117,593,749,,557,2496
1118,830,850,172655.24,529,3378
1119,245,263,382050.36000000004,22,845
1120,56,72,,24,319
1121,475,482,66762.59000000001,290,532
1122,132,135,,0,199
1123,663,678,1884062.0500000005,82,1190
1124,381,396,,307,2384
1125,256,257,,165,365
1126,19,24,,13,205
1127,120,152,,251,623
1128,189,190,,59,191
1129,3198,3228,14981.169999999998,647,2403
1130,11374,11589,,6175,6705
1131,190,227,,0,771
1132,4760,4838,2293606.0600000005,946,8183
1133,584,617,395741.9600000001,177,1093
1134,268,325,,0,1101
1135,223,235,10234.109999999997,0,676
1136,943,994,,333,1809
1137,1151,1184,126.96,992,2588
1138,8138,8543,,5059,8298
1139,1847,1919,1672109.33,4493,4885
1140,2666,2961,,4318,4344
1141,77,91,,1,347
1142,1253,1278,51442.549999999996,259,980
1143,133,140,,0,260
1144,2989,2994,10236.980000000001,0,2267
1145,10013,10397,3738420.1900000013,16640,16643
1146,816,840,61879.19000000002,1469,1676
1147,2396,2504,669949.0299999999,1532,3066
1148,3519,3539,,2138,2274
1149,26,65,,0,173
1150,1646,1646,,684,877
1151,518,634,140389.50999999998,998,2826
1152,446,494,75430.27,509,1493
1153,1723,2102,,6423,7653
1154,519,665,,2036,3243
1155,14990,15007,,3420,4454
1156,59,59,54253.400000000016,115,122
1157,77,88,,207,220
1158,314,350,,948,997
1159,6631,6642,29476.960000000003,1684,1985
1160,816,885,63994.89000000001,913,1664
1161,9000,9029,314275.6799999999,1376,2079
1162,554,646,94211.16,1980,2459
1163,32,34,69322.11,87,157
1164,81,86,,34,177
1165,819,869,,2101,2154
1166,778,821,369676.61999999994,2289,2298
1167,146,147,0.0,47,221
1168,5323,5328,122529.51,1812,1941
1169,1483,1562,9736.850000000004,2472,3092
1170,247,249,,11,349
1171,14091,14120,,5425,5563
1172,87,89,,128,136
1173,488,490,,227,456
1174,1040,1096,2760521.76,1101,2665
1175,789,798,,156,1785
1176,542,565,42789.02,262,1281
1177,1163,1180,86008.92999999998,1135,1139
1178,824,877,,172,1553
1179,193,205,,193,382
1180,486,496,1175914.84,218,1342
1181,236,309,,403,1213
1182,3804,3915,32575.089999999993,2369,3745
1183,1784,1886,996180.0899999995,5745,5796
1184,362,371,69439.0,615,820
1185,89,95,98407.04999999999,311,316
1186,14122,14150,,3697,5415
1187,2694,2796,464914.31000000006,2246,7379
1188,3717,3840,,1388,4003
1189,558,573,,101,894
1190,1938,1952,275082.10000000003,2708,2720
1191,77,82,,46,86
1192,564,569,1698155.0800000005,1290,1327
1193,2326,2739,,0,9542
1194,295,328,1019552.46,1090,1152
1195,3893,3909,711113.7900000002,777,2511
1196,4337,4393,,1997,6902
1197,19105,19197,,7241,7950
1198,499,553,123190.67,427,1243
1199,69282,69328,109969.00000000001,2921,7260
1200,1257,1291,394223.36000000004,2762,4047
1201,200,235,,585,937
1202,169,175,,419,422
1203,2419,2510,,480,3037
1204,1078,1084,1071221.2700000003,780,1301
1205,13993,13998,50876.14,1969,2214
1206,18,18,6927.54,39,48
1207,323,333,0.0,673,686
1208,263,281,,0,888
1209,377,404,,1565,1794
1210,118,123,2407.8700000000003,25,204
1211,58,61,,0,245
1212,2855,2860,,1738,1762
1213,316,374,14991.05,16,1629
1214,8481,8498,118725.69999999998,5563,5762
1215,11616,11664,,2615,4044
1216,17,17,,9,103
1217,882,959,,753,3345
1218,10013,10046,,976,3999
1219,4106,4113,,2757,3062
1220,248,272,153165.51,302,796
1221,7372,7402,,4925,5044
1222,71,82,,0,466
1223,1151,1264,,1890,2943
1224,84,85,116361.59999999999,2,92
1225,17337,17344,29064.570000000003,1538,2126
1226,122,134,,0,393
1227,56,58,24568.789999999994,69,109
1228,8,9,,0,57
1229,254,272,187039.03,0,886
1230,60,64,325007.37000000005,175,250
1231,12747,12754,301069.39,921,1438
1232,369,380,,393,1028
1233,394,404,6755.989999999999,919,925
1234,1709,1789,,2215,2942
1235,2477,2620,401102.49,2029,7173
1236,232,243,135962.31999999998,745,746
1237,175,183,,386,466
1238,68,77,,38,97
1239,720,720,,38,465
1240,4985,5088,,1904,2506
1241,430,446,,947,947
1242,10868,10904,250691.29000000004,2129,3097
1243,308,378,,242,1035
1244,272,297,28461.03,126,416
1245,445,491,,138,656
1246,5093,5103,612442.5499999999,405,1641
1247,65175,65258,,5390,6406
1248,193,211,19199.769999999997,222,574
1249,121,124,,0,300
1250,192,213,759078.2100000001,466,578
1251,359,380,654915.69,256,528
1252,108,110,802132.3499999997,391,392
1253,4398,4438,,894,7328
1254,33,37,,0,140
1255,5802,5888,46227.45,8979,10789
1256,314,314,,133,160
1257,429,482,154724.51,117,1143
1258,36097,36197,,8320,11252
1259,123,141,474574.34000000014,143,613
1260,33,33,67363.43000000001,18,104
1261,27,31,,21,72
1262,3533,3552,,1158,2635
1263,3894,3953,54596.27999999999,1436,2826
1264,1081,1098,88134.41,31,1759
1265,6141,6152,19773.120000000003,2611,3012
1266,8400,8420,,3067,4105
1267,1365,1421,842275.9799999997,3027,4071
1268,1817,1825,56589.21999999998,404,3897
1269,141,145,,0,403
1270,28,32,0.0,2,81
1271,5811,5826,247854.41999999993,2502,2723
1272,483,506,149880.96,288,1083
1273,4781,4908,3006775.0500000007,2335,8359
1274,38,44,,188,227
1275,78,82,,0,286
1276,3086,3213,806811.2300000002,3976,6862
1277,37257,37380,,3087,7430
1278,1383,1440,1529018.33,233,5068
1279,145,147,,64,288
1280,13710,13792,,5047,6698
1281,669,689,97489.58,927,1028
1282,1924,1982,105095.61999999998,1568,2807
1283,870,922,278541.42000000004,343,2051
1284,258,278,,169,628
1285,16080,16207,,7063,10146
1286,118,131,,359,369
1287,1716,1753,555.49,22,3052
1288,2427,2490,631710.5900000001,3000,3720
1289,667,773,64677.38000000003,987,3411
1290,127,138,405564.10000000003,291,391
1291,818,876,589896.23,67,1254
1292,23,24,502912.63000000006,0,121
1293,1117,1133,442977.44999999995,617,1395
1294,855,884,1885990.1099999992,178,2928
1295,443,478,,1,944
1296,49,59,,171,184
1297,539,571,1563500.1300000004,1663,1730
1298,201,224,,19,613
1299,1183,1190,220592.28,226,677
1300,3812,3830,31865.739999999998,7074,7088
1301,737,737,0.0,354,363
1302,8684,8697,0.0,3211,3282
1303,25,28,,0,114
1304,10534,10576,103963.62000000001,3141,4188
1305,186,222,,196,795
1306,477,496,0.0,182,1719
1307,677,715,,163,2259
1308,619,666,,0,2226
1309,156,167,388516.7300000001,112,325
1310,1397,1455,225279.80000000013,2737,2794
1311,162,202,,352,500
1312,1000,1035,2878549.3999999994,46,2542
1313,318,339,392463.5800000001,373,691
1314,183,190,,552,563
1315,260,265,155247.21999999997,284,565
1316,1861,2026,,2710,2768
1317,679,698,,156,796
1318,176,183,708785.9699999999,472,475
1319,59,61,15302.050000000001,63,98
1320,381,406,22320.91,179,910
1321,256,290,,0,870
1322,1481,1500,149195.84000000003,1494,2369
1323,7164,7205,,1448,5075
1324,76,82,,0,187
1325,1503,1504,,41,1121
1326,1116,1138,402404.7699999999,2030,2072
1327,469,516,0.0,11,2030
1328,220,243,1152672.4799999997,264,751
1329,1050,1062,16331.649999999998,535,1051
1330,129,130,,0,138
1331,4891,4917,,4134,6628
1332,71,73,,13,233
1333,107,118,9942.659999999996,11,297
1334,445,475,,0,659
1335,329,377,,484,939
1336,35,35,,130,131
1337,244,248,730848.21,126,445
1338,5078,5207,,4681,5019
1339,624,645,,591,956
1340,487,556,42.71,346,726
1341,8206,8247,7190.65,3428,3909
1342,2353,2356,,1649,2289
1343,27949,27959,,1601,2198
1344,395,410,,395,1588
1345,660,734,,1747,1808
1346,8016,8026,,2268,2867
1347,845,1165,,511,4176
1348,1685,1689,44892.71000000001,1437,1443
1349,504,651,,1143,2268
1350,258,260,60196.11000000001,291,449
1351,3294,3296,,603,748
1352,477,482,38557.229999999996,410,494
1353,499,519,1186383.1799999995,728,1174
1354,82,98,30477.23,5,329
1355,28307,28318,42728.86000000001,2778,3370
1356,58,66,,1,203
1357,26436,26457,205955.67000000004,2456,3046
1358,176,204,,0,863
1359,2114,2132,,3205,3208
1360,121,123,,304,304
1361,107,110,86250.39000000001,67,103
1362,2427,2433,14065.289999999999,3352,3947
1363,229,232,,118,139
1364,824,876,,194,2031
1365,3168,3184,46630.54999999999,4207,4486
1366,1212,1218,54409.7,1611,1617
1367,212,231,20621.26,675,749
1368,67,70,,72,141
1369,188,200,,48,302
1370,63,70,,62,267
1371,6419,6430,545185.4300000002,1548,2009
1372,264,302,,10,891
1373,94,111,30418.440000000002,26,180
1374,622,651,,0,725
1375,572,615,,321,1461
1376,64,67,,188,243
1377,817,1008,59189.38,376,3356
1378,1721,1740,,922,1338
1379,69,73,,47,232
1380,336,342,100331.68999999999,143,369
1381,9700,9843,,5698,7748
1382,1210,1236,5539.07,149,2580
1383,894,904,161499.49999999997,71,544
1384,79,94,,42,363
1385,118,149,,0,817
1386,3318,3320,,1587,1614
1387,1963,2013,,597,3331
1388,115,121,,94,293
1389,1796,1803,,2744,2744
1390,979,1010,51020.13999999999,792,897
1391,539,556,385452.2800000001,54,1233
1392,3924,4042,352666.29,1275,2645
1393,222,235,444695.61999999994,499,803
1394,757,805,270447.79000000015,804,1687
1395,26309,26319,93243.82999999999,2452,2732
1396,3647,3681,137655.38999999998,991,1893
1397,55,63,,3,79
1398,4866,5177,,1815,6912
1399,1309,1337,995363.55,1241,2983
1400,274,281,,0,656
1401,1929,2002,38436.599999999984,744,2074
1402,42,43,,0,262
1403,2179,2254,,431,3207
1404,697,744,116817.60000000002,778,899
1405,67,74,25489.39,252,273
1406,1752,1776,640449.1000000002,642,1112
1407,660,821,,963,3203
1408,2940,3002,507046.6500000002,3388,5838
1409,237,254,658997.0199999998,66,764
1410,650,689,,1035,1620
1411,232,241,31977.64,645,645
1412,53,56,59.11,152,179
1413,496,517,112328.56,38,1391
1414,1561,1760,,1879,4347
1415,5372,5397,193793.31000000003,3252,3353
1416,1604,1658,196243.93000000002,809,2472
1417,418,418,142739.86000000004,118,585
1418,748,765,5533.770000000001,1085,2011
1419,1462,1839,1254802.9300000004,0,7010
1420,111,120,,138,264
1421,600,617,54897.68999999999,449,649
1422,895,915,779011.8999999997,1033,1234
1423,370,377,,70,575
1424,932,948,344008.73999999993,0,1683
1425,331,337,,604,863
1426,280,362,,635,1171
1427,143,149,,0,407
1428,19748,19870,,5214,9128
1429,4816,4836,,980,1765
1430,5414,5425,,3058,3371
1431,1375,1543,,0,4461
1432,434,449,1273366.31,1489,1493
1433,27,30,,0,113
1434,7836,8097,501470.00999999995,3030,6894
1435,598,629,682614.62,486,1334
1436,4193,4206,,2339,3104
1437,410,484,,316,2381
1438,58,70,,92,282
1439,206,210,154197.08999999997,94,315
1440,9476,9489,1113.96,410,4279
1441,182,194,,71,481
1442,1676,1989,,5074,5133
1443,19494,20248,,5910,14341
1444,996,1041,31.65,274,275
1445,21380,21432,,5532,6269
1446,186,225,,5,1341
1447,157,176,137831.18,423,427
1448,155,172,,386,663
1449,3059,3073,7394.569999999999,4306,5661
1450,343,411,,1005,1556
1451,211,222,70742.09,201,368
1452,4222,4484,4593876.97,8170,8170
1453,3219,3467,130909.27,81,5819
1454,22,30,,117,117
1455,1104,1238,,369,3504
1456,154,156,544088.56,261,292
1457,156,184,,0,638
1458,761,764,1175789.47,1325,1369
1459,286,299,,571,862
1460,1015,1030,232128.10999999993,684,1079
1461,956,1003,,2363,2597
1462,18802,18841,,1758,3052
1463,538,592,,3045,3193
1464,1775,1922,164074.23,3544,3788
1465,107,110,1117798.14,363,376
1466,153,158,,249,315
1467,899,915,55428.26,1420,1460
1468,22,24,,0,100
1469,2726,2811,277667.4500000001,6751,8272
1470,1619,1626,151731.19,1357,1627
1471,157,191,,273,556
1472,251,277,,0,1114
1473,607,771,,3039,3510
1474,89,99,,0,215
1475,6989,7093,1467.1799999999998,5402,7816
1476,179,187,,0,366
1477,581,591,152868.33,1132,1135
1478,6117,6309,388318.1499999999,827,8123
1479,1050,1063,77747.91000000002,1637,1653
1480,62,63,,209,332
1481,2785,2804,,1783,1815
1482,48156,48160,12469.73,4748,5644
1483,1664,1705,,153,3910
1484,368,389,,120,497
1485,1887,2515,,5789,8677
1486,2991,3115,654616.8999999999,7233,8237
1487,225,230,672709.61,0,551
1488,500,509,,130,594
1489,169,176,29914.61,274,515
1490,598,604,,900,900
1491,865,877,165054.82,1694,1733
1492,208,214,,0,736
1493,1743,1816,1409000.170000001,2279,2440
1494,810,863,,63,1478
1495,13681,13730,616804.1100000001,3653,4941
1496,291,293,,0,396
1497,2443,2456,49172.030000000006,1780,2737
1498,5201,5384,,791,4471
1499,182,196,,40,736
1500,4450,4764,,8383,8560
1501,9854,9869,,3430,3713
1502,548,677,,2029,2044
1503,138,143,125429.17,9,717
1504,143,143,0.0,126,225
1505,1614,1730,5101921.180000001,3303,4439
1506,1212,1398,,278,4397
1507,4963,5225,,2212,11233
1508,165,176,,89,578
1509,2098,2210,1657903.9199999997,2470,5014
1510,1392,1494,,0,2702
1511,251,263,,388,978
1512,104,115,,7,504
1513,451,500,,1362,1366
1514,716,754,105667.27,711,1221
1515,5733,6111,10831397.819999998,10768,11366
1516,992,1145,,0,3958
1517,983,1045,346514.3900000001,1479,2241
1518,3387,4278,,5584,14244
1519,301,307,,205,676
1520,809,956,,2406,2422
1521,278,300,,0,808
1522,16185,16335,4025298.9399999995,4389,6102
1523,608,627,863705.77,328,1762
1524,419,426,93068.12,590,596
1525,120,127,,26,401
1526,15003,15066,1870449.8900000004,1734,3402
1527,342,346,21313.65,676,693
1528,1000,1027,622459.1599999999,1330,1642
1529,749,809,127627.95999999998,2384,2384
1530,317,360,,4,1366
1531,4862,4967,471349.4699999999,45,4911
1532,181,187,,0,375
1533,369,400,,0,1118
1534,206,220,28618.25,265,517
1535,2114,2744,,5774,11420
1536,163,169,,186,434
1537,4254,4290,,2053,3408
1538,84,103,,181,399
1539,31430,31468,193815.45000000004,6941,8608
1540,35954,36038,39339.88999999999,8034,9209
1541,291,293,88819.59999999999,357,427
1542,1191,1227,339628.57,768,1166
1543,4227,4381,,6170,6176
1544,47,47,,7,62
1545,1079,1095,24713.219999999998,633,865
1546,277,286,5186.98,90,464
1547,1611,2069,,7,7864
1548,7983,7994,303677.16,4751,4764
1549,352,359,,842,938
1550,15289,15368,395.54,10314,12603
1551,44,44,,73,75
1552,62,64,130209.27000000006,104,124
1553,2832,2895,1243722.94,2138,3585
1554,7606,7792,,12805,12864
1555,6642,6765,,8,9419
1556,2546,2947,,6,10712
1557,1806,1853,301639.8899999999,2147,2177
1558,286,313,,147,1212
1559,279,285,537085.3300000001,141,711
1560,10695,10745,,7916,7923
1561,8186,8301,0.0,3505,6458
1562,460,482,,721,903
1563,193,210,98236.85999999999,477,477
1564,1576,1941,82805.74999999999,3736,6867
1565,630,673,,0,1834
1566,1005,1031,105145.79000000001,621,1883
1567,3983,4472,,7051,7056
1568,211,222,,81,828
1569,1439,1644,2546220.3,1739,2967
1570,12063,12159,17674.640000000003,3601,5972
1571,2070,2082,208266.3399999999,218,4192
1572,103,136,0.0,0,562
1573,427,466,,266,1182
1574,341,365,,332,359
1575,562,621,1376646.3899999997,417,1375
1576,26,28,,0,138
1577,39,52,,0,171
1578,501,512,697377.6499999998,380,1193
1579,379,431,,270,777
1580,9553,10526,5677.17,26861,26934
1581,1011,1105,2229632.6999999993,371,2448
1582,1738,2147,,2840,7654
1583,31364,31515,,9510,14144
1584,1176,1186,21788.84,1518,2929
1585,937,968,18255.06,366,2053
1586,852,951,53090.11000000001,2831,2882
1587,2184,2194,,1428,1450
1588,7385,7511,61533.969999999994,2202,7336
1589,284,309,,454,655
1590,1926,1985,492026.5899999999,3321,3395
1591,733,784,219462.33000000002,968,1048
1592,36,43,,166,168
1593,3894,4123,859390.51,509,6596
1594,190,195,,6,511
1595,989,1031,1376524.6399999994,2096,2208
1596,7218,7223,,2583,2588
1597,497,515,43973.86999999999,695,1497
1598,1174,1235,128.49,1614,1648
1599,15,16,,6,44
1600,9,9,,41,62
1601,232,236,,571,618
1602,533,539,,584,636
1603,817,967,,787,3359
1604,393,427,,154,1137
1605,846,879,541.11,1446,1636
1606,565,586,831443.0500000002,1086,1314
1607,185,187,65290.149999999994,294,303
1608,494,525,16632.29,2074,2485
1609,3696,3798,31747.440000000002,3041,3072
1610,101,109,,172,200
1611,9,13,,0,28
1612,4434,4476,,3172,3678
1613,4928,4962,26085.93,5832,8882
1614,181,193,,396,499
1615,84,85,,136,146
1616,102,114,,17,313
1617,259,293,,3,1026
1618,32,32,,5,66
1619,59,71,,252,305
1620,154,168,,5,625
1621,265,270,49973.409999999996,269,563
1622,196,204,6209.15,69,291
1623,14315,14360,1387310.2399999998,2947,4570
1624,6206,6461,,1147,7548
1625,1360,1401,1010095.1399999998,772,1926
1626,154,159,228311.19000000003,291,490
1627,542,544,190694.29999999993,446,445
1628,650,659,,0,1066
1629,293,318,,14,978
1630,3344,3447,,1675,3914
1631,80,86,,2,409
1632,748,843,,0,3153
1633,2779,2800,2906425.2099999995,1177,2133
1634,330,384,,696,1697
1635,2145,2145,,844,860
1636,4290,4303,,1955,2043
1637,892,931,,1346,1422
1638,4139,4381,1046411.8200000003,3674,7335
1639,3064,3116,,619,2192
1640,76,79,76938.66,134,281
1641,61,63,,10,186
1642,15378,15410,,7287,8126
1643,36,39,,0,60
1644,2386,2937,,10386,11502
1645,1089,1101,344796.6299999999,2093,2208
1646,72,83,,230,292
1647,1158,1209,667368.0300000001,785,2473
1648,206,236,440142.6500000002,1122,1222
1649,1194,1208,,175,2979
1650,96,112,,184,434
1651,749,769,,1786,1792
1652,618,668,,2005,2019
1653,1103,1134,,1114,1132
1654,2408,2435,152512.34000000005,806,1366
1655,3275,3282,145706.65,1202,1906
1656,460,523,,0,1554
1657,749,752,,597,2266
1658,1489,1513,,363,1547
1659,2735,3107,2568960.860000001,4753,5465
1660,543,555,76048.01,941,1068
1661,924,955,564396.52,547,954
1662,3318,3426,,7014,7448
1663,506,520,176470.62000000002,993,1027
1664,2123,2153,2467727.68,4905,5172
1665,141,143,309539.5,0,473
1666,47203,47297,,8258,11103
1667,103,128,,46,386
1668,46086,46583,8052203.770000002,11735,15229
1669,3722,3730,,1313,1452
1670,1315,1530,,5644,5657
1671,1568,1591,6052.68,586,991
1672,1477,1517,644152.9899999996,762,2597
1673,19,19,150670.93,68,73
1674,1972,1980,179770.62,879,887
1675,1037,1046,201471.1200000001,1509,3629
1676,1203,1218,293350.44999999995,766,1434
1677,579,596,,1296,1401
1678,329,343,94193.57000000002,281,481
1679,6825,8366,,277,18271
1680,413,467,606411.74,59,736
1681,565,573,114119.09000000001,60,841
1682,1733,1751,340860.1999999998,604,1535
1683,6471,6522,,1455,2574
1684,146,149,0.0,38,336
1685,171,209,92470.95999999999,28,619
1686,6223,7123,,16744,16768
1687,107,114,,1,385
1688,6392,6429,,3366,3857
1689,374,386,28694.680000000004,380,867
1690,9324,9390,,3700,6286
1691,8918,8962,,2664,3588
1692,4813,4864,69610.31000000001,4341,6077
1693,357,387,,501,508
1694,366,382,,211,1504
1695,4685,4703,379940.1800000001,775,5180
1696,52286,52567,,6055,8903
1697,3936,3943,1092278.87,2173,2373
1698,296,311,,2542,2680
1699,6234,6256,,3857,7242
1700,223,251,0.0,481,613
1701,85,90,,62,422
1702,617,623,126001.82999999999,781,889
1703,4615,4889,215023.14000000007,10215,11418
1704,130,139,,0,422
1705,624,643,87306.92000000001,353,1060
1706,1905,1914,370813.19000000006,1330,2139
1707,30,36,,0,182
1708,222,260,,98,819
1709,265,298,,19,844
1710,8536,8614,,1720,7360
1711,1285,1395,305535.1400000001,1747,2939
1712,123,130,21636.88,10,470
1713,855,882,499112.86,0,1808
1714,117,140,41335.05,92,400
1715,2596,2610,1463421.9700000004,3,5558
1716,806,814,29521.350000000002,542,853
1717,87,96,,18,147
1718,83,89,,14,113
1719,1449,1459,588296.1800000002,559,1452
1720,631,655,342421.91000000003,672,989
1721,349,366,,409,645
1722,521,546,140541.86999999997,802,1446
1723,194,210,,17,1061
1724,2563,2582,,841,865
1725,90,118,,4,204
1726,642,671,166806.12,594,1966
1727,938,945,29745.279999999995,925,933
1728,97,114,,18,407
1729,317,340,,415,421
1730,2900,2917,,531,2795
1731,135,144,,432,437
1732,58,62,,72,246
1733,29,35,,146,209
1734,79013,79072,906845.41,17324,19345
1735,1458,1855,,8005,8563
1736,51,59,,0,210
1737,1306,1337,1721018.6000000006,324,2000
1738,711,723,,1662,1669
1739,8447,9071,5348137.490000001,9746,17760
1740,43316,43337,12141.42,509,4483
1741,225,272,,24,781
1742,256,264,,205,342
1743,103,109,56568.61000000001,66,305
1744,323,327,,494,643
1745,2027,2038,206087.4,3354,3378
1746,1262,1269,154891.61000000002,2152,2158
1747,8785,8873,,0,6186
1748,513,524,,1089,1103
1749,42710,42959,325795.94000000006,4888,8051
1750,34,37,,46,115
1751,1616,1748,2729238.15,773,4159
1752,2002,2002,10030.42,6,883
1753,168,187,,264,520
1754,2049,2081,88400.35,942,2556
1755,97,115,,89,309
1756,4702,4966,11331.05,6908,10509
1757,440,466,,183,958
1758,1357,1596,,1143,3214
1759,128,132,0.0,249,280
1760,6362,6408,,3152,4315
1761,53,57,,54,167
1762,83,84,,146,301
1763,19589,19592,,1499,1649
1764,315,353,164296.15999999997,910,1029
1765,1304,1490,,2117,5525
1766,234,249,,734,852
1767,6448,6470,70.92,3612,4532
1768,1035,1092,260638.50999999995,1153,2156
1769,95,105,28339.309999999998,92,458
1770,199,209,112717.05,247,301
1771,2393,2415,,176,4182
1772,109,114,,34,420
1773,129,138,,133,429
1774,22,22,,25,54
1775,21097,21187,,3921,6018
1776,3749,3754,23762.540000000005,774,918
1777,95,110,,243,305
1778,28827,28837,20478.459999999995,1561,8083
1779,49,51,633097.72,135,136
1780,3435,3817,738701.9299999999,6845,8473
1781,700,769,,123,2272
1782,42,46,,159,159
1783,177,237,1296223.05,6,962
1784,509,526,,163,688
1785,148,150,18638.730000000003,68,368
1786,3820,4632,,5233,12090
1787,19,21,44.58,35,51
1788,160,176,,0,596
1789,127,145,,245,559
1790,1706,1757,921198.96,2112,2278
1791,447,583,5190884.820000001,277,2615
1792,57,62,,42,134
1793,797,852,1986666.5199999998,805,2146
1794,35870,35932,89135.93000000001,7033,9059
1795,357,368,13225.64,541,608
1796,3035,3061,50724.34,4400,4665
1797,333,360,1438960.83,1255,1262
1798,66576,66657,148719.91999999995,8809,10081
1799,139,150,1270506.9000000004,86,806
1800,210,240,,63,665
1801,355,360,154316.10000000006,132,628
1802,2409,2451,606433.7999999999,1000,2766
1803,2513,2539,,2250,2325
1804,911,928,,876,1104
1805,301,314,1177326.1600000004,158,830
1806,163,172,953.81,133,347
1807,1044,1060,,895,1338
1808,763,810,,1888,2068
1809,115,143,804.09,0,841
1810,549,575,22855.53,1028,1245
1811,16146,16381,,8497,13212
1812,4236,4282,391847.5900000001,3636,6272
1813,31,39,,0,78
1814,6912,7765,9915632.260000002,68,10743
1815,502,532,723071.2300000002,556,1705
1816,25,29,,11,70
1817,1723,1728,36175.560000000005,79,967
1818,3158,3190,279520.21,848,2006
1819,4578,4624,,986,2468
1820,1158,1281,2814117.12,734,3307
1821,20,20,166282.19000000003,132,138
1822,67,70,714806.2599999999,2,245
1823,1050,1194,,1218,2463
1824,380,403,,301,947
1825,490,508,131262.35,1110,1291
1826,582,595,520122.93999999994,241,597
1827,315,346,1304050.3199999998,963,1010
1828,3120,3133,212173.49999999994,3613,3615
1829,1243,1283,175018.38999999998,1048,1359
1830,840,843,42369.9,152,1028
1831,1988,1999,,1247,1269
1832,9653,10107,4252771.76,7547,25576
1833,7000,7016,33660.200000000004,2530,2689
1834,142,161,,0,817
1835,649,664,1736258.5999999996,997,1136
1836,41,48,943331.78,163,169
1837,1279,1358,327682.79000000004,822,3604
1838,505,647,,0,3183
1839,618,631,224837.96000000002,327,740
1840,285,338,,6,1602
1841,545,546,26891.57,147,231
1842,388,441,,6,1154
1843,2060,2263,,405,5962
1844,619,733,,623,1803
1845,24408,24472,,4599,7834
1846,889,906,82009.99,542,1121
1847,148,158,,319,345
1848,605,632,447837.86999999994,1019,1124
1849,103,105,18801.63,48,388
1850,135,149,81105.62000000001,113,356
1851,8408,8537,1552903.4700000004,4932,5344
1852,5188,5211,32515.72,3043,5086
1853,17833,17926,,3606,10793
1854,3767,3786,,2720,4357
1855,94,96,,0,143
1856,444,464,2498303.5500000007,1369,1392
1857,6907,7372,127535.01,8132,8154
1858,624,637,,1820,6247
1859,240,246,1897922.9400000002,189,362
1860,186,205,,0,977
1861,74,79,,172,202
1862,1850,1998,,0,4652
1863,1457,1574,6735.310000000001,0,2668
1864,1630,1734,568738.5,5003,5259
1865,2195,2206,21332.399999999998,1936,2175
1866,881,940,520351.25,3037,3073
1867,212,224,,6,300
1868,218,226,,464,645
1869,19,23,,0,54
1870,170,234,,435,1095
1871,188,188,384385.6300000001,62,239
1872,1764,1791,68119.0,13,2142
1873,418,424,,1,1044
1874,5735,5746,,2445,2534
1875,1240,1426,,905,3715
1876,129,139,,378,729
1877,10323,10350,54850.36,8120,9120
1878,12765,12787,,2060,2793
1879,560,568,79242.88,86,594
1880,607,626,247256.53000000003,1008,1116
1881,73,81,,2,242
1882,5838,7091,,3656,13513
1883,1870,1876,,406,2228
1884,703,707,,48,557
1885,7288,7328,2594763.0400000014,1593,2688
1886,360,421,,115,1966
1887,480,522,,0,1585
1888,1833,1848,,185,1830
1889,227,235,23254.38,49,569
1890,3095,3179,7614299.1000000015,1398,4636
1891,23867,23877,,2572,3538
1892,371,376,87324.56999999999,529,715
1893,37632,37646,178865.52,2219,3598
1894,1216,1226,994748.2400000001,23,1464
1895,23,26,,0,137
1896,186,186,349.65999999999997,3,240
1897,11,12,,0,48
1898,1109,1368,,4029,5286
1899,256,275,,93,670
1900,217,218,30701.02,8,404
1901,351,351,,361,373
1902,3545,3668,1464963.9,39,4337
1903,494,509,267394.3200000001,541,785
1904,235,252,60224.439999999995,583,790
1905,187,199,,0,552
1906,590,620,,922,996
1907,172,186,188461.43999999994,140,418
1908,970,998,3173418.2799999993,893,2562
1909,13753,14377,854089.1800000003,8521,23739
1910,339,378,212610.93999999992,24,722
1911,16257,16282,25943.300000000003,4051,4725
1912,23721,24333,,4793,17182
1913,6365,6461,,1482,2780
1914,1142,1186,64789.79,572,1497
1915,155,168,,0,518
1916,974,978,341630.8,1006,1039
1917,678,733,,994,1529
1918,679,762,107250.94,1454,1501
1919,536,584,,18,1667
1920,407,417,313964.87,753,1067
1921,199,209,468405.1599999999,0,651
1922,18897,18952,,6191,6221
1923,211,220,,0,255
1924,4612,4760,414938.72000000003,4127,7150
1925,1327,1349,121504.82,530,1728
1926,4697,4721,,1758,2060
1927,67,83,,99,228
1928,424,454,300997.0,495,1846
1929,574,643,,1403,1473
1930,51,54,,0,114
1931,4157,4158,7034.64,888,898
1932,123,140,0.0,0,690
1933,762,783,1667874.199999999,305,2832
1934,644,713,762966.7900000003,1198,2742
1935,476,488,,244,932
1936,2883,2958,170627.43999999994,7479,7504
1937,256,271,,0,746
1938,851,893,,2,1989
1939,106,119,,42,340
1940,1689,1704,730545.15,672,3172
1941,707,710,,451,1633
1942,920,934,,13,1072
1943,5618,5653,317646.93,1458,3211
1944,1302,1397,1513937.58,3675,3863
1945,2765,2822,,2,3460
1946,3335,3374,677031.5300000004,1845,3357
1947,5720,5772,,1340,1767
1948,258,281,1371122.7300000002,660,824
1949,811,830,857469.49,505,1659
1950,1555,1576,,0,1444
1951,122,146,,5,372
1952,435,451,,37,855
1953,2821,2886,450856.32000000007,130,3420
1954,3573,3598,,2332,3447
1955,5682,5751,35906.47,8108,9554
1956,1316,1328,1955073.0999999999,862,2420
1957,336,352,,214,1258
1958,233,267,,266,906
1959,195,225,0.0,193,754
1960,808,824,747929.8500000001,987,2999
1961,59,70,,1583,2004
1962,409,409,,212,261
1963,126,153,,0,758
1964,407,407,7343.380000000001,856,912
1965,254,262,220684.16,1001,1048
1966,643,652,671285.8400000001,5,986
1967,412,415,,0,720
1968,66,68,9606.09,135,187
1969,80,87,,116,247
1970,309,316,545375.3600000002,78,675
1971,83598,83607,574708.0499999999,9294,9933
1972,151,165,,345,488
1973,3434,4960,,3912,8767
1974,44,48,,2,221
1975,37220,37281,27001.149999999998,5468,6947
1976,3859,3982,,1356,3773
1977,346,363,17475.350000000002,298,780
1978,357,410,66452.84,565,1009
1979,1741,1810,,1893,2676
1980,672,732,2870023.2299999995,95,2337
1981,689,694,,577,2805
1982,895,1060,324194.3699999999,1151,3391
1983,7389,7458,,4165,6692
1984,932,1130,,2536,3309
1985,1066,1203,2182352.0199999996,3987,4046
1986,643,726,,579,1902
1987,6240,6278,,6064,7493
1988,522,527,,747,1941
1989,415,439,,1017,1271
1990,315,345,,143,1120
1991,5159,5163,,1549,1704
1992,657,814,,1461,2323
1993,6269,6353,2563295.5700000008,1965,4547
1994,284,287,,201,292
1995,691,696,36552.67,566,617
1996,759,886,3632323.1699999995,34,3443
1997,302,377,,0,1214
1998,24,25,,99,120
1999,1787,1806,93851.88999999998,350,815
2000,7548,7647,,3022,6067
2001,137,159,,21,542
2002,169,216,,212,878
2003,7685,7701,,6,3260
2004,433,475,,0,1818
2005,5237,5269,431629.44,5585,6870
2006,1672,1691,389987.26999999996,3165,3174
2007,779,840,328706.25,1598,1638
2008,99,102,,286,313
2009,1447,1497,2610510.17,2707,2858
2010,157,164,864630.0599999999,123,316
2011,300,312,709538.31,62,920
2012,22862,22894,32581.389999999996,2078,3298
2013,5809,6920,,5345,11768
2014,531,568,152791.85,2035,2035
2015,4430,4508,390105.5900000001,1607,2621
2016,5024,5050,94393.59999999999,708,2100
2017,19801,19954,452.75,7344,8307
2018,156,161,1294142.3100000005,115,359
2019,5758,5771,216255.57,2451,2655
2020,12288,12300,77257.80999999998,2856,3169
2021,9510,9665,,11106,14539
2022,6666,6721,1668209.29,5169,5603
2023,119,156,,620,857
2024,2194,2230,6587.530000000001,1239,3809
2025,2557,2561,,408,831
2026,2168,2266,1668258.9400000002,3483,5640
2027,321,360,6530.31,91,1164
2028,915,991,32503.27,49,2223
2029,262,310,,32,1317
2030,257,317,141507.08000000002,163,935
2031,528,528,150602.57,11,701
2032,9500,9649,,2400,9473
2033,485,494,545986.6,720,882
2034,1446,1463,51551.75,526,1245
2035,10475,10491,102344.75,492,1590
2036,386,511,,164,1730
2037,2958,2984,34417.93000000001,522,868
2038,81,84,,34,209
2039,307,327,,35,720
2040,282,282,,1943,2022
2041,1231,1345,13363987.720000006,6353,6965
2042,1146,1169,,4251,4521
2043,3155,3425,143871.48000000007,784,5698
2044,2528,2555,14456.450000000003,24,1810
2045,23,25,,58,65
2046,3219,3280,,20,4889
2047,16733,16740,,4065,4133
2048,582,612,106653.08000000002,202,1219
2049,1079,1092,991688.5500000003,1044,1748
2050,102,119,,200,204
2051,134,136,0.0,11,213
2052,2696,2914,214471.30999999997,3728,3761
2053,164,192,,686,775
2054,80,81,27760.64,106,192
2055,2276,2290,3041.1099999999997,1374,2537
2056,5992,6008,215930.7600000001,918,1526
2057,278,344,,235,1224
2058,76,92,,485,489
2059,405,450,2519604.5800000005,52,1141
2060,2928,3018,71436.81999999999,2912,3297
2061,35,41,,1,170
2062,203,228,0.0,15,283
2063,610,631,,1532,1591
2064,126,133,,94,255
2065,151,163,,35,376
2066,21,22,,89,89
2067,14,14,,60,65
2068,457,462,356530.0799999999,15,535
2069,311,349,1487014.78,1091,1092
2070,7802,7861,,5704,5876
2071,19,22,,0,58
2072,1578,1608,422152.59999999986,169,3069
2073,226,247,,0,535
2074,4361,4521,1361211.5099999998,4656,6222
2075,21,22,115772.15000000001,0,67
2076,598,614,,34,1509
2077,2501,2572,1798016.8399999999,2774,3728
2078,407,461,5254.44,80,1960
2079,496,513,,993,1063
2080,145,162,196692.44,5,237
2081,2610,3289,,8219,9671
2082,1285,1306,,356,2038
2083,4240,4377,697444.5800000001,2451,5165
2084,108,120,,60,485
2085,1600,1626,582495.29,435,1748
2086,64,72,,235,313
2087,62,78,38391.5,52,375
2088,15,15,,4,97
2089,1027,1030,,555,614
2090,2191,2208,84980.13999999998,3066,4945
2091,145,150,52629.990000000005,157,244
2092,1721,1726,,849,896
2093,24067,24121,,8172,9738
2094,2001,2011,486777.74,1094,2077
2095,2845,2853,842233.24,763,1083
2096,346,373,3039124.3699999987,37,1475
2097,815,825,70187.59999999998,5,669
2098,5060,5122,,105,7924
2099,247,266,100527.03999999998,886,1161
2100,377,378,291765.75999999995,11,667
2101,893,912,1610435.7699999996,2383,2421
2102,1368,1438,,1672,4188
2103,424,438,,405,423
2104,203,232,,761,767
2105,14311,14414,3040.0199999999995,5683,8461
2106,784,844,,368,1652
2107,277,338,,1683,1986
2108,333,361,,45,983
2109,64,69,,23,103
2110,526,567,559224.5800000003,223,1225
2111,65,77,,43,325
2112,491,597,78691.43000000001,277,2012
2113,7538,7555,66409.37000000001,3138,3542
2114,3176,3189,645.76,3363,3517
2115,3664,3684,390760.6600000001,466,2280
2116,107,108,772733.2399999996,126,399
2117,33,39,,0,103
2118,939,988,1599531.4800000002,7,1723
2119,2248,2299,2185.339999999999,5577,5682
2120,101,109,438.73,0,324
2121,780,787,,1356,1556
2122,10416,10444,860078.3700000003,4018,4879
2123,361,399,,305,1001
2124,613,660,,132,960
2125,4267,4276,0.0,956,4662
2126,811,837,327381.9,1326,1648
2127,3013,3021,63803.640000000014,1541,1797
2128,450,495,90144.73999999999,41,1409
2129,1119,1248,4192963.5700000003,1773,2532
2130,806,1024,4876.19,3607,3623
2131,494,512,,984,1008
2132,274,298,,178,903
2133,8147,8160,,1467,2662
2134,3789,3816,,3491,3674
2135,1253,1284,46983.57,2478,2504
2136,15855,15869,21861.649999999994,3966,5112
2137,167,184,12544.689999999999,102,922
2138,385,402,,94,613
2139,380,419,72016.40000000001,243,697
2140,561,574,104223.87000000002,529,1444
2141,20,22,,9,31
2142,765,782,468367.8400000002,1238,1296
2143,384,448,,0,1821
2144,268,271,,36,195
2145,1553,1561,42914.420000000006,64,2334
2146,6407,6425,,2978,3618
2147,282,306,,114,576
2148,11163,11850,4568711.649999998,8804,25354
2149,2715,2751,,234,5821
2150,2807,2863,1067658.5800000003,1665,3626
2151,130,176,69888.55999999997,33,603
2152,91,91,107799.15999999997,109,221
2153,442,468,286343.72,111,517
2154,630,658,258016.72999999998,1258,1269
2155,20,22,,0,70
2156,286,294,,137,395
2157,811,816,58513.700000000004,348,1337
2158,817,840,,2304,2310
2159,903,917,108087.23000000001,832,1150
2160,1555,1563,210811.13999999993,995,1302
2161,2224,2228,,513,742
2162,5353,5387,580431.8599999999,1335,5052
2163,336,336,,202,1871
2164,1794,1801,15237.86,1337,2037
2165,910,910,84982.55,344,1411
2166,865,879,,887,1127
2167,168,179,,29,629
2168,1956,2011,,3789,3805
2169,29013,29059,7468.36,5292,6355
2170,54,55,,70,159
2171,17470,17626,0.0,12345,12390
2172,2977,2998,,1000,1440
2173,7109,7115,25524.049999999996,4835,5113
2174,3626,3637,139166.0000000001,1204,1392
2175,966,1207,,3008,4432
2176,20878,20887,153354.21000000005,3658,3904
2177,1712,1754,1979533.31,3837,3867
2178,2615,2703,3357065.1299999994,5472,6082
2179,3895,3996,33647.58,4175,4576
2180,33,35,19893.43,141,175
2181,385,451,,0,1667
2182,68,77,,1,242
2183,2662,2791,116705.02999999998,2996,4805
2184,31,36,42181.709999999985,2,51
2185,499,508,495048.0400000001,718,759
2186,72,76,904.32,208,209
2187,318,338,157093.3299999999,38,649
2188,134,143,505978.41000000015,417,540
2189,38,41,,2,153
2190,233,234,58939.26000000001,5,395
2191,35,37,,36,85
2192,8357,8368,118386.06999999998,2312,2535
2193,119,130,85197.16999999998,264,321
2194,489,565,1645564.65,23,1835
2195,6246,6332,,1861,5101
2196,255,267,,0,709
2197,623,638,63703.729999999996,1252,1296
2198,671,693,,0,1856
2199,219,268,,0,1177
2200,101,111,110606.50999999997,43,261
2201,2239,2297,,1551,2458
2202,2580,3288,,26,14139
2203,409,431,196958.49000000005,873,1108
2204,85,89,,233,234
2205,71,71,,19,249
2206,17458,17477,,494,4292
2207,610,633,,0,979
2208,320,323,4230.98,380,577
2209,1897,2059,9992.550000000001,1942,3416
2210,4979,5153,,3887,4052
2211,1618,1722,,640,2956
2212,4221,5089,,3803,11008
2213,1000,1057,3701360.9300000006,1495,2925
2214,793,810,272580.69999999995,1859,1859
2215,364,383,,874,874
2216,397,427,,0,1451
2217,2130,2302,80960.95,5324,6573
2218,132,136,60523.020000000004,229,263
2219,50,52,,49,109
2220,7546,7767,301878.3900000001,674,5081
2221,182,187,154789.44999999995,91,216
2222,6923,7054,429975.04000000004,6677,7001
2223,764,775,855507.7199999999,1318,1326
2224,1977,1981,31487.91,1581,2110
2225,657,700,,225,2151
2226,3042,3092,538995.5399999999,1066,1889
2227,48,59,,0,126
2228,342,343,77188.95999999999,469,586
2229,497,600,10968388.609999998,17,3214
2230,468,496,475916.89999999997,178,1317
2231,8683,8683,,2029,2045
2232,26,31,,82,96
2233,928,947,,141,746
2234,3537,3547,577202.9599999998,1128,1687
2235,38,48,,49,219
2236,229,233,60601.69,47,137
2237,267,340,13683.230000000001,353,1221
2238,304,321,,12,700
2239,34,39,,0,83
2240,83,87,,0,209
2241,10448,10601,26899.09,5111,9625
2242,3682,3703,50619.07000000001,534,1187
2243,181,200,,359,368
2244,1292,1381,33310.76,923,2021
2245,1727,1764,158923.92,678,1645
2246,3992,3998,,2782,3035
2247,281,306,,0,1010
2248,66,82,,258,295
2249,9345,9370,,2303,3157
2250,125,148,,6,461
2251,1111,1414,,6080,6480
2252,1072,1092,2589530.43,2518,2926
2253,210,230,,47,628
2254,71,80,,0,289
2255,6854,6856,,2260,3457
2256,201,211,,328,590
2257,1433,1449,586012.1399999999,8,2456
2258,215,229,1828719.8199999998,476,847
2259,650,667,40738.65000000001,0,1348
2260,1045,1258,,658,4089
2261,270,291,,0,596
2262,152,210,,1089,1101
2263,1225,1236,6385.289999999999,418,1295
2264,3825,3876,2164085.71,4452,5138
2265,124,127,,0,212
2266,484,504,1060.82,945,1215
2267,324,331,,233,531
2268,123,138,,40,634
2269,3335,3434,,11016,11021
2270,2064,2161,2455521.73,4655,5087
2271,5936,5985,46141.179999999986,3991,4025
2272,28,34,,0,130
2273,15876,15892,,1245,1952
2274,1848,2194,,2497,3587
2275,1559,1568,,6827,7538
2276,314,374,,3,1085
2277,822,829,,177,1097
2278,10336,10352,,6007,6036
2279,1010,1056,,310,2339
2280,1144,1210,1919336.4000000006,325,2129
2281,10458,10923,,21424,21703
2282,135,160,,114,711
2283,34,38,131.06,12,146
2284,5454,5578,,40,3560
2285,275,288,56794.99,158,521
2286,303,315,396850.59,355,773
2287,3487,3492,,0,2436
2288,351,362,,788,793
2289,2040,2063,,59,2129
2290,107,114,,127,190
2291,1520,1534,38678.36,475,1570
2292,392,398,256556.90999999995,646,659
2293,4662,4738,,4951,5815
2294,26,27,297708.13999999996,98,100
2295,133,143,50700.73,99,432
2296,3699,3739,,3967,4820
2297,113,125,373139.5199999998,401,464
2298,39,47,,38,222
2299,6029,6483,,14717,15571
2300,2092,2112,1719234.59,2445,2454
2301,7332,7403,,2107,7643
2302,461,538,,2911,3323
2303,3948,3955,39250.75,630,3545
2304,154,195,,0,617
2305,366,410,,250,1400
2306,109,119,,0,442
2307,43,47,,120,128
2308,542,628,,0,2236
2309,172,179,,11,367
2310,1545,1594,15250.79,272,3179
2311,3600,3612,410962.08999999985,3947,3953
2312,61,61,166215.94999999998,166,175
2313,182,226,,2,819
2314,16,16,,12,21
2315,340,366,,1172,1277
2316,1249,1454,,705,5137
2317,2319,2328,,0,734
2318,7759,7775,7972.419999999999,4592,5640
2319,15918,15921,0.0,1130,1567
2320,522,526,,212,355
2321,1407,1429,1676442.0999999999,666,1885
2322,6157,6162,,2124,2340
2323,114,124,,0,357
2324,238,262,534918.74,968,1030
2325,108,111,,101,190
2326,1702,1760,0.0,2422,4418
2327,24,24,,18,129
2328,257,278,,124,551
2329,86,89,,160,210
2330,1658,1681,,894,1412
2331,3852,3889,1983652.5700000003,1528,2653
2332,753,790,1700059.1699999992,1399,1831
2333,122,125,,155,210
2334,405,426,684026.6099999998,525,1160
2335,71,73,30091.25,81,189
2336,1594,1658,1436128.98,3538,4424
2337,16036,16074,445887.4800000001,2714,3707
2338,449,453,,281,329
2339,3221,3225,,2703,3272
2340,5288,5296,,2646,2662
2341,741,756,77334.09,273,664
2342,770,771,183966.85000000003,1193,1194
2343,93,103,,173,414
2344,2815,2836,,2412,2970
2345,10279,11107,3366082.840000001,23322,30388
2346,18523,19678,,12926,19352
2347,5400,5418,189665.91999999998,3355,4259
2348,58,58,,0,212
2349,265,270,1078900.9600000004,0,591
2350,167,172,359513.94999999995,288,294
2351,75,76,,2,134
2352,538,606,,46,2073
2353,7470,7478,26980.780000000006,2151,2586
2354,566,647,,27,1433
2355,1789,1839,283528.44,601,2748
2356,37,39,251699.02,0,55
2357,161,175,84343.01,257,276
2358,2739,2797,2234711.1800000006,2326,3623
2359,3305,3329,318883.75999999995,1216,1766
2360,2512,2522,,651,1192
2361,1391,1393,,668,1038
2362,2578,2928,,0,9245
2363,18,20,,74,80
2364,2242,2551,,3972,4281
2365,72,75,588202.4299999999,0,257
2366,790,927,33246.36,507,3195
2367,1201,1272,1066663.22,1937,2322
2368,284,297,,814,814
2369,16332,16423,,5756,7109
2370,5082,5395,244098.5800000001,11517,11621
2371,87,97,,184,390
2372,1296,1302,,815,820
2373,552,663,,2224,2270
2374,431,513,,0,2037
2375,18536,18557,193132.83000000002,2639,3321
2376,340,360,,0,910
2377,706,723,3004484.3399999994,1312,1830
2378,515,674,,1815,3063
2379,416,474,107228.12000000001,253,1610
2380,479,627,,203,1624
2381,3,3,,2,21
2382,175,176,,225,233
2383,88,99,,116,331
2384,1853,1854,0.0,463,676
2385,1255,1279,64351.100000000006,2379,2639
2386,164,165,,27,535
2387,3134,3229,7425275.859999999,2801,3287
2388,146,153,,474,483
2389,460,499,1694723.9700000004,272,1133
2390,8076,8097,,1837,1905
2391,11343,11416,,3103,3170
2392,2856,2922,608676.7199999997,766,5127
2393,226,229,,0,262
2394,287,298,328120.81000000006,28,545
2395,1440,1575,,3616,3615
2396,13281,13386,,7077,7710
2397,1817,1944,1424672.1500000004,2424,2427
2398,8741,9554,,11902,16216
2399,6428,6661,,10585,12579
2400,1200,1228,,77,1328
2401,705,708,9290.39,804,1093
2402,361,382,14006.819999999998,377,1123
2403,1521,1548,,16,2418
2404,194,215,,10,959
2405,164,198,,0,527
2406,7937,8276,5008904.000000001,9866,11396
2407,2816,2871,36745.729999999996,1426,2975
2408,326,328,616762.8600000001,624,812
2409,2407,2488,,6485,6614
2410,68,75,,136,191
2411,5383,5451,3445305.26,3843,6703
2412,2141,2396,,4,5690
2413,39,41,,84,90
2414,451,464,6938.67,308,322
2415,489,500,2335188.4900000007,347,1693
2416,2583,2584,,2595,2678
2417,281,307,,0,850
2418,138,161,,32,485
2419,1007,1019,232394.28,3014,3323
2420,6843,6918,81725.29999999997,959,5618
2421,1860,1890,,4308,4951
2422,108,130,,0,500
2423,6596,6605,,2507,4453
2424,238,253,30858.34,14,896
2425,701,725,,1734,1750
2426,597,601,14334.99,1976,2444
2427,6581,6620,62344.93999999998,4740,5023
2428,773,804,261242.70999999996,2106,2110
2429,896,914,,313,1838
2430,1729,1768,500730.5500000001,2072,3762
2431,246,288,,15,1379
2432,531,612,,20,1384
2433,10131,10284,74213.52,6223,6254
2434,16754,16793,24723.8,3418,4707
2435,217,233,97018.35,26,422
2436,711,759,127508.75000000003,445,1031
2437,1852,1874,477773.0800000001,571,1554
2438,351,384,99356.77999999998,561,1122
2439,113,131,736831.7699999999,22,548
2440,14896,14974,42811.840000000004,3748,6769
2441,431,434,20197.98,70,572
2442,1751,1802,265367.2,4628,4632
2443,382,386,,263,270
2444,1412,1505,690264.0399999997,101,5583
2445,6957,6993,48.44,165,4896
2446,2254,2966,,6694,10589
2447,213,252,,0,719
2448,27409,27491,,9169,11647
2449,251,310,,0,1589
2450,2073,2136,,1913,3262
2451,836,869,399595.77999999997,38,991
2452,795,815,453789.98999999993,2346,2402
2453,4781,4832,,2054,9232
2454,12279,12356,,4862,7615
2455,273,276,3796.2999999999997,29,1061
2456,41,43,,0,180
2457,541,547,,354,600
2458,833,843,1046439.18,164,1235
2459,18970,18981,128732.23000000004,1967,2186
2460,2904,2930,70007.09000000004,815,1258
2461,48,48,79728.41000000002,4,122
2462,847,878,1632084.1400000004,196,1220
2463,153,158,,179,195
2464,4364,4395,,3705,3725
2465,1343,1365,30822.72,1240,2042
2466,2751,2831,292788.43000000005,4461,4844
2467,782,803,1208849.6,1557,2026
2468,94,124,,0,485
2469,57,63,,196,290
2470,13077,13187,,4309,4491
2471,307,338,397203.67,426,656
2472,304,314,315246.01,228,443
2473,59,66,,48,108
2474,3543,3608,,3304,7037
2475,312,368,,557,1148
2476,734,757,67619.57999999999,958,1388
2477,171,178,730499.8999999994,177,637
2478,511,550,3217847.6799999997,1116,1190
2479,4952,5241,152205.0300000001,5917,11660
2480,2662,2753,,4677,4805
2481,389,405,,154,942
2482,360,375,1407284.5800000005,76,866
2483,7664,7673,,1447,1539
2484,323,353,,0,459
2485,246,252,388746.01000000007,578,626
2486,234,264,29578.860000000004,307,1178
2487,119,125,,0,418
2488,155,157,,0,120
2489,58,60,,50,205
2490,2382,2387,,1774,2295
2491,827,834,234379.99,569,690
2492,1213,1245,1869742.9000000004,1216,1633
2493,544,573,130.66,273,976
2494,1051,1060,,2279,2292
2495,320,326,11375.96,371,472
2496,995,1019,82019.52,2730,2844
2497,688,691,,1225,1266
2498,860,878,282451.19,622,1387
2499,148,151,34989.64,249,250
2500,11435,11503,,1891,1993
2501,24909,24959,99247.62999999998,10543,10577
2502,356,356,,161,300
2503,375,400,342960.63999999996,763,906
2504,1132,1187,,378,1177
2505,1453,1456,403407.36000000016,758,891
2506,1053,1079,276562.1999999999,160,2017
2507,1590,1619,5905.33,1829,2360
2508,829,849,,1277,2639
2509,140,170,1497324.38,0,827
2510,5470,5485,47862.24,6256,7155
2511,410,441,,41,625
2512,750,909,,2584,2655
2513,1380,1467,237711.04000000007,215,3217
2514,96,101,,265,323
2515,161,174,,12,590
2516,354,370,,29,871
2517,1619,1622,,972,1001
2518,10983,11051,90951.44000000002,3296,4136
2519,41348,41612,,7678,8840
2520,4484,4528,362092.82000000007,4945,6246
2521,132,138,120800.24,153,456
2522,749,911,,944,3150
2523,645,662,,55,820
2524,943,953,,314,666
2525,39,44,,87,204
2526,5498,5934,,13571,13641
2527,172,173,,279,291
2528,3132,3166,,2419,2651
2529,1848,2045,,0,4952
2530,69,70,,144,193
2531,99,105,,3,343
2532,821,846,,87,3482
2533,5289,5331,,3534,4217
2534,3045,3117,217823.82999999996,1052,2386
2535,357,364,25184.34999999999,108,1492
2536,1646,1684,245917.14999999994,1289,2397
2537,189,200,,0,319
2538,13,15,,32,37
2539,476,489,31360.489999999998,71,672
2540,202,214,,296,319
2541,540,543,,0,137
2542,154,157,,23,252
2543,82,85,206726.05999999988,172,172
2544,2933,2967,193131.92999999996,5090,7316
2545,358,362,,130,239
2546,1417,1431,214425.43999999997,514,1260
2547,26009,26138,1605155.5199999998,7213,9142
2548,981,1099,,478,3322
2549,360,373,444090.4,808,1019
2550,402,423,0.0,161,590
2551,2375,2417,0.0,1096,2876
2552,41,45,,76,159
2553,450,487,151942.31,312,1218
2554,11520,11527,51591.100000000006,1854,2236
2555,75,82,,0,309
2556,688,703,,1264,1935
2557,593,617,1632736.91,496,1798
2558,2443,2446,,3386,3870
2559,798,800,56834.369999999995,180,573
2560,59,60,,0,239
2561,212,230,24085.13,238,574
2562,516,529,,750,764
2563,6290,6327,0.0,160,4536
2564,95,103,,86,96
2565,59,67,,118,249
2566,747,803,,204,1189
2567,289,326,569.74,63,794
2568,92,100,430801.11000000004,61,424
2569,11133,11154,21126.719999999998,333,815
2570,468,468,,106,183
2571,1284,1325,1059179.44,401,1212
2572,44,47,,72,193
2573,238,298,2608590.6999999997,232,1149
2574,113,128,,2,426
2575,44,52,,57,145
2576,84,85,302074.35000000003,121,190
2577,57,71,687104.6399999998,0,189
2578,3549,3558,585570.0800000002,778,786
2579,253,261,,196,650
2580,24,25,,55,95
2581,587,697,,1815,2767
2582,7,8,,43,51
2583,273,282,12574.320000000002,519,532
2584,8538,9095,2185295.6099999994,6929,27025
2585,338,347,,680,746
2586,263,353,30754.33,2144,2148
2587,180,191,206533.22,56,371
2588,2718,2743,18604.800000000003,2228,3145
2589,6301,6310,2907.66,5733,6928
2590,94,101,,411,412
2591,186,194,160331.29000000004,4,389
2592,153,161,0.0,410,627
2593,1164,1183,433137.73,574,2760
2594,7122,7302,2876.7900000000004,4878,5643
2595,11,11,,7,26
2596,23416,23447,4940.2,2075,3031
2597,77,79,,97,144
2598,123,126,,173,232
2599,146,151,,0,521
2600,540,544,,51,263
2601,770,806,,69,1329
2602,11492,11954,632437.0399999997,2289,10645
2603,2994,3232,8279411.960000003,3306,7238
2604,1068,1072,61920.28,0,1332
2605,416,485,0.0,826,1312
2606,5641,5658,91402.92,1244,1571
2607,31,33,,60,99
2608,5624,5627,,1994,2108
2609,890,891,57528.619999999995,293,361
2610,5033,5061,13498.740000000003,4270,5154
2611,65,71,,1,179
2612,57,62,,0,200
2613,76,93,,275,372
2614,14502,14525,,7103,8071
2615,2731,2747,688764.4400000001,183,1499
2616,223,238,64787.44000000001,0,756
2617,9673,9827,442.71000000000004,5642,5888
2618,607,661,2583446.530000001,2423,2457
2619,2,6,,1,26
2620,25,27,,5,70
2621,398,410,32914.41,85,911
2622,325,343,861096.98,152,701
2623,9,9,,0,45
2624,2226,2230,0.0,535,745
2625,2511,2517,153273.08,1197,1285
2626,1946,2163,1187704.2000000002,922,6014
2627,6292,6670,,1093,7748
2628,303,321,5694.63,4,904
2629,1548,1582,183914.43,1772,1805
2630,4172,4537,143208.78999999998,8507,13566
2631,3502,3545,,2010,4225
2632,1342,1623,,509,5217
2633,101758,102004,,9750,15695
2634,4663,4673,8140.700000000001,4666,4887
2635,157,164,157151.36,5,226
2636,830,845,,0,1507
2637,12,12,637996.5099999997,5,68
2638,43,47,,12,98
2639,1201,1222,,311,1322
2640,196,244,,43,882
2641,1637,1670,281255.44000000006,711,4354
2642,32,41,,64,122
2643,57,60,38933.33999999999,23,189
2644,3752,3875,127686.15000000001,2160,4709
2645,5499,5510,22874.43,905,1258
2646,4303,4393,,6733,6784
2647,145,145,,176,184
2648,174,178,14704.22,0,425
2649,146,153,,58,204
2650,9294,9305,43398.810000000005,1221,1558
2651,490,511,,416,1483
2652,43,43,,4,51
2653,85,99,,3,289
2654,952,1007,2294572.3699999996,2648,2648
2655,13515,13543,463417.85000000015,2951,3677
2656,206,209,,243,356
2657,2067,2092,11239.56,1133,1916
2658,325,340,,191,627
2659,94,123,,0,495
2660,72,73,,64,152
2661,671,679,5916.9,1023,1025
2662,3019,3039,7116.96,10,1476
2663,92,107,,146,608
2664,1430,1438,58702.220000000016,734,883
2665,225,277,,8,913
2666,264,315,0.0,265,1015
2667,441,468,572425.5499999999,451,738
2668,5,5,,4,17
2669,3708,3778,948982.8500000001,2261,4106
2670,28,30,,91,98
2671,300,327,,272,1855
2672,51,55,,65,176
2673,1662,1805,,3394,4220
2674,164,166,119232.97000000002,172,438
2675,1095,1100,,401,442
2676,605,621,3463098.9799999995,1058,1443
2677,17539,17549,116965.48000000004,4160,4687
2678,2734,2890,194910.54999999996,1275,4879
2679,3487,3545,0.0,2448,4991
2680,1523,1680,,1410,2655
2681,932,971,,1131,2008
2682,3101,3109,25900.500000000004,4013,4023
2683,229,239,,0,630
2684,3715,3786,,1974,6760
2685,437,468,,292,1503
2686,4277,4287,,4789,5334
2687,44,49,,0,216
2688,2884,3313,4422950.14,418,7864
2689,94,106,772909.4700000001,457,464
2690,149,154,123703.20000000001,59,557
2691,1160,1186,594529.9099999999,842,1488
2692,124,124,,131,208
2693,130,150,,3,420
2694,3287,3496,752474.2700000004,3132,8457
2695,2096,2252,,893,5647
2696,398,462,,344,1639
2697,1351,1374,43998.96,3144,3995
2698,279,287,,1018,1026
2699,2619,2933,,39,7292
2700,83,91,8033.349999999999,34,254
2701,10594,10602,58827.90999999999,966,1432
2702,4139,4356,282512.9799999999,5617,6368
2703,1138,1147,141916.1,355,2382
2704,17,21,32676.19000000001,78,119
2705,800,805,183340.09999999995,1214,1378
2706,709,716,,198,1183
2707,2166,2492,470574.9299999999,1471,3722
2708,177,190,,250,271
2709,4909,5326,,4789,10127
2710,1154,1205,214858.73,2086,2086
2711,587,593,55887.55999999998,1282,1322
2712,36,46,,117,142
2713,431,499,,299,1599
2714,147,156,1264.9099999999999,0,333
2715,336,369,340501.13000000006,306,766
2716,437,488,608360.3099999998,1568,1769
2717,343,347,502229.3400000003,262,443
2718,1508,1612,,144,1442
2719,370,378,11572.939999999999,41,515
2720,737,762,337760.72000000003,1598,1692
2721,3407,3422,94658.34000000001,4622,6986
2722,6884,6907,,1293,3063
2723,1454,1489,,11,4166
2724,142,149,,7,130
2725,557,602,1798544.3800000006,321,1899
2726,19414,19587,110742.75000000004,338,10750
2727,12708,12735,5637.1900000000005,5562,6481
2728,57,60,,0,99
2729,897,913,1802754.3199999996,293,1916
2730,66,72,,100,151
2731,813,822,75486.24,182,1223
2732,975,1021,73035.78000000001,1185,1654
2733,1095,1175,,501,3661
2734,296,301,1162795.2799999998,358,796
2735,9177,9202,,5073,5460
2736,32,35,,110,124
2737,69,72,,0,179
2738,89,101,143903.15,21,315
2739,1377,1416,0.0,518,4377
2740,4426,4471,,6064,6873
2741,8307,8343,,201,4035
2742,238,240,140031.56999999998,189,431
2743,598,803,,1696,2177
2744,3972,4000,1006393.8299999998,1431,1990
2745,321,361,,685,686
2746,321,328,7997.469999999999,122,427
2747,118,122,,149,433
2748,335,357,,963,1021
2749,213,234,86411.27000000002,0,559
2750,15,17,,0,62
2751,7111,7186,211484.62999999995,6824,10846
2752,727,754,1754562.249999999,968,1036
2753,63811,63899,,9411,11021
2754,6993,7012,241326.35000000003,1823,2739
2755,7465,7496,38132.07000000001,2067,2877
2756,5216,5254,259684.84,3829,3888
2757,119,122,,245,260
2758,116,124,443533.72999999986,47,433
2759,2449,2468,29692.83,6884,7170
2760,1272,1645,,3355,5427
2761,4802,4835,,1147,5285
2762,156,191,,25,749
2763,248,253,,295,517
2764,415,418,,15,664
2765,2429,2501,20862.629999999997,1790,1793
2766,663,681,,397,636
2767,309,336,,0,824
2768,611,611,36910.63,220,233
2769,3188,3209,41479.490000000005,2429,2463
2770,24241,24285,,3239,4713
2771,1534,1538,,426,587
2772,39,41,27900.1,118,118
2773,587,595,192590.86,980,997
2774,952,1013,251005.00999999998,53,3588
2775,175,185,,0,682
2776,484,518,292547.41,1203,1281
2777,6318,6332,,2492,3427
2778,385,411,100929.69,722,983
2779,1783,1802,338856.35,2249,2492
2780,473,477,,176,284
2781,1063,1066,0.0,391,580
2782,247,252,,0,395
2783,50,62,,0,205
2784,1974,2024,351289.01000000007,324,1941
2785,361,375,,1,1258
2786,315,328,,85,418
2787,692,784,136431.93999999994,495,2247
2788,5577,5597,65476.33,514,907
2789,180,187,0.0,8,688
2790,428,451,37602.71,858,878
2791,333,352,1209035.3499999999,101,846
2792,963,1056,1330216.6499999997,11,3325
2793,38,38,,71,85
2794,310,358,,5,1339
2795,117,142,16891.589999999997,58,579
2796,65,75,,121,221
2797,340,391,,9,1423
2798,330,425,520.25,229,1601
2799,1023,1056,27230.97,339,1470
2800,450,516,1585429.6400000004,114,1672
2801,3988,4007,141230.84000000003,3109,4707
2802,234,250,,85,496
2803,137,143,31629.340000000004,40,448
2804,878,884,,48,1486
2805,518,598,1823831.1300000001,1215,2232
2806,581,604,,302,908
2807,580,657,1161044.7099999995,199,2187
2808,667,716,,0,2278
2809,4438,4452,,1987,2291
2810,863,1071,,65,3986
2811,11687,11688,,2110,2115
2812,257,262,1086368.8399999996,858,914
2813,28450,28520,302114.67,4782,7457
2814,45242,45323,,9503,13026
2815,4702,5185,126265.87,6385,10510
2816,3283,3298,,2902,2914
2817,2981,3051,26284.730000000003,2368,5185
2818,5937,5962,,2589,3935
2819,123,150,2259372.3400000003,16,783
2820,3483,3520,2812.5699999999997,1821,2225
2821,978,1018,751862.8599999999,543,1987
2822,396,562,,1904,2254
2823,66,68,,162,173
2824,3862,3885,,5777,5784
2825,11984,11997,72143.46,2503,2985
2826,302,306,129776.08000000003,350,574
2827,1305,1417,2593434.7200000016,253,4034
2828,1908,1917,,738,1120
2829,348,358,,78,259
2830,6286,6626,,3015,7409
2831,135,149,,6,418
2832,666,723,7216.21,500,1125
2833,2385,2432,,1806,1844
2834,104,105,,93,247
2835,650,672,837775.14,1114,1760
2836,130,136,,10,241
2837,313,328,27632.85,104,402
2838,134,157,1008117.7,339,582
2839,19,21,,13,43
2840,650,662,495618.73000000004,164,1072
2841,3623,3741,967102.2800000001,2346,10733
2842,55,56,,0,156
2843,967,993,379583.4800000001,2943,3016
2844,5357,5403,25981.06,5131,7697
2845,1120,1141,219669.31000000008,1657,1889
2846,39,46,14060.81,92,186
2847,25021,25052,10138.439999999999,2195,3138
2848,3424,3742,,2089,7451
2849,1572,1659,489071.61999999994,7238,7260
2850,7305,7417,477675.33,3816,5540
2851,1935,2003,1378688.9800000002,664,1398
2852,339,348,21223.430000000004,529,546
2853,478,506,226407.15,708,1747
2854,684,727,,178,1020
2855,10453,10890,162098.27000000005,1957,2822
2856,13566,13700,,4239,4536
2857,22,27,,28,43
2858,57,66,0.0,20,193
2859,11581,11621,,7532,7797
2860,986,1002,,333,1722
2861,1585,1791,,475,3424
2862,2015,2096,483156.58999999997,3147,3440
2863,35,38,,38,146
2864,31,36,,25,94
2865,11637,11671,,5027,6280
2866,58,59,,66,149
2867,74,81,,98,153
2868,4365,4375,,2175,2412
2869,2586,2773,,4106,4115
2870,21,26,,119,124
2871,43,46,320448.7100000001,96,152
2872,127,142,,34,502
2873,349,361,,503,1052
2874,154,160,,296,297
2875,953,981,5230006.18,1285,2453
2876,3542,3892,,8472,8667
2877,946,1005,,4,1831
2878,418,481,,0,1574
2879,1839,1864,,335,4458
2880,575,586,456733.08,513,1214
2881,1307,1429,,1649,3208
2882,312,353,,783,1085
2883,4825,4956,32904.2,826,5158
2884,157,161,183054.1600000001,1,354
2885,180,242,,0,1086
2886,9739,9769,0.0,2875,4105
2887,11538,11620,,7604,13587
2888,51,51,,129,147
2889,37,42,243.72000000000006,0,79
2890,31975,32036,,4986,6583
2891,230,241,11981.739999999998,909,938
2892,1454,1714,39409.200000000004,936,4532
2893,1646,1662,,1792,1865
2894,7011,7145,3258291.9100000015,1852,3535
2895,154,167,457592.7399999998,350,358
2896,428,443,467632.3199999999,0,1130
2897,3983,4020,302260.42999999993,849,2078
2898,18425,18603,405934.82,10049,11174
2899,74,79,,0,144
2900,1636,1638,,1344,1355
2901,25832,25844,,2270,2825
2902,239,269,,20,807
2903,2665,2667,,843,1249
2904,281,343,,477,1162
2905,2733,2779,,166,4406
2906,53,55,,0,224
2907,357,378,,352,667
2908,8,9,,4,38
2909,11189,11216,,2760,3813
2910,16,16,,5,59
2911,313,320,939395.8499999999,48,785
2912,386,394,0.0,221,335
2913,35,38,,12,143
2914,1693,1711,90903.04,248,855
2915,1913,1936,90725.39000000001,1159,1843
2916,81,97,,144,211
2917,4917,4968,,4352,4592
2918,541,567,89471.18000000001,851,1184
2919,347,373,32422.069999999996,247,778
2920,3085,3357,42705.270000000004,3376,7362
2921,383,404,,828,848
2922,3899,4020,3660.88,3116,3135
2923,203,257,,187,865
2924,1194,1298,,1278,3530
2925,35,40,30014.099999999995,108,113
2926,9632,9688,56846.99,3512,4730
2927,1228,1326,872326.0499999999,0,4114
2928,4352,4368,,2867,4756
2929,79,98,,0,262
2930,696,773,873138.86,73,4368
2931,7895,7933,,0,5835
2932,298,364,,54,1354
2933,680,721,232500.56000000006,90,1924
2934,1706,2057,73549.33,8568,8638
2935,13055,13066,55123.189999999995,1966,2506
2936,14157,14218,5758.88,4944,8634
2937,428,465,,232,864
2938,261,268,,0,434
2939,1335,1374,117.65,2486,2488
2940,8775,8805,,3824,5018
2941,5298,5317,646400.2899999999,4118,4342
2942,161691,161747,1044288.9200000002,18762,21813
2943,59,64,484410.19,141,163
2944,229,248,9826.35,0,855
2945,342,369,122052.93000000002,0,1263
2946,14287,14390,,5014,6598
2947,32,32,,29,95
2948,218,224,,67,643
2949,5528,5773,,195,7288
2950,6898,6981,327723.26,2536,4357
2951,518,526,,630,918
2952,94,97,413153.49999999994,205,236
2953,2754,2765,20552.7,150,1674
2954,103,121,,450,530
2955,247,250,16538.949999999997,540,1197
2956,729,864,,1463,2901
2957,3218,3293,10405.33,2226,3666
2958,869,1103,20824.669999999995,1987,5260
2959,20,26,,3,156
2960,574,616,1703485.7000000007,1194,1202
2961,278,294,,1000,1017
2962,4184,4201,,1291,1665
2963,12741,12794,34734.929999999986,2446,3872
2964,322,328,20993.96,198,538
2965,150,152,,15,557
2966,356,366,,455,842
2967,183,205,,324,480
2968,22544,22566,,4072,4659
2969,7746,7832,478510.96,6652,6959
2970,672,719,,0,1955
2971,42877,42885,22104.01,3030,3354
2972,3019,3137,1904748.7000000002,5422,5844
2973,846,865,12283.089999999995,1933,2524
2974,791,932,1319.4299999999998,411,2981
2975,337,345,36052.950000000004,619,633
2976,713,720,,2209,2277
2977,20,20,,0,41
2978,1092,1132,1175932.4799999997,2033,2130
2979,84,87,,158,179
2980,204,211,,34,720
2981,47,47,,3,127
2982,3208,3237,,7450,8929
2983,953,975,315981.49000000017,621,1935
2984,439,450,20534.53,739,898
2985,200,207,,440,448
2986,57,62,,0,344
2987,87,88,61185.119999999995,137,137
2988,648,694,,1440,2107
2989,1596,1615,,1244,2562
2990,1845,1854,77784.90000000004,1599,2351
2991,148,157,,166,364
2992,855,937,,140,2681
2993,157,161,30500.60000000001,128,198
2994,1255,1388,,502,2099
2995,7510,7537,43747.990000000005,4173,4624
2996,1150,1374,,4116,4961
2997,848,852,71424.43999999999,0,502
2998,82,84,184403.21999999994,309,408
2999,306,317,,698,705
3000,684,803,,61,3292
