shop_id,
1,0.881959239
2,1.439511278
3,0.89489191
4,1.760708558
5,1.203848183
6,0.975286985
7,1.679995714
8,1.339858865
9,1.383784953
10,1.422505068
11,0.965897563
12,1.335785044
13,1.135729778
14,1.277097768
15,1.772790748
16,1.522618867
17,1.716814709
18,1.237149071
19,1.001321523
20,1.244473946
21,0.931599804
22,1.213472915
23,0.784763713
24,1.377513026
25,0.527091818
26,1.17869213
27,1.374331636
28,1.347472748
29,1.951284941
30,1.227198575
31,0.641770946
32,1.835823294
33,1.167973485
34,1.108053922
35,1.006762922
36,1.202035803
37,1.298260358
38,3.344337747
39,0.956115181
40,1.486022934
41,0.548092563
42,0.856547131
43,0.936859852
44,1.080502605
45,1.256988205
46,5.165983913
47,1.458037054
48,0.73198655
49,0.787646301
50,1.340190254
51,0.999521637
52,1.120529045
53,1.090074574
54,1.225543778
55,1.098930593
56,0.93749605
57,1.445883866
58,1.233304782
59,0.524812782
60,0.487547073
61,0.706209899
62,1.101023592
63,1.142637186
64,1.679215799
65,1.440345456
66,0.8417886
67,1.115662739
68,0.790222425
69,1.53041899
70,1.376646936
71,1.335884958
72,1.286624284
73,1.521914976
74,1.054782825
75,1.16649358
76,1.915969134
77,1.197925676
78,1.332458196
79,1.416876353
80,1.987202612
81,1.269422407
82,1.25029524
83,0.935631154
84,1.429209269
85,1.120995868
86,0.934257488
87,0.659317371
88,2.83868912
89,1.002539628
90,1.163550293
91,1.01436352
92,0.904907882
93,1.232931528
94,1.516244625
95,0.839659473
96,1.119402285
97,1.013507485
98,1.09407483
99,1.21810054
100,0.894180308
101,1.593586848
102,1.191645938
103,1.388220568
104,1.399532185
105,1.359982815
106,2.878574165
107,0.834135545
108,1.034315505
109,1.282520401
110,0.992140685
111,1.731776358
112,1.48729273
113,1.91157353
114,0.700847165
115,1.058949878
116,1.459837132
117,2.965090196
118,1.655421692
119,1.874330737
120,2.946884899
121,1.122120968
122,1.444973313
123,0.369193216
124,1.010120527
125,1.030268288
126,0.753822773
127,1.272692557
128,0.245713661
129,1.053279068
130,1.374831571
131,1.510513064
132,1.143779214
133,1.051759905
134,1.467778882
135,0.987015765
136,0.588408582
137,1.551926753
138,1.165076081
139,1.130551222
140,0.981045802
141,1.150680517
142,1.234917686
143,0.89265678
144,0.671694248
145,0.738056465
146,0.896521257
147,0.926796769
148,1.227421881
149,0.956045358
150,1.446005054
151,2.202237744
152,1.177498712
153,0.814701563
154,4.701636519
155,1.265317047
156,1.790106607
157,0.697938091
158,1.573944686
159,1.585900605
160,2.226355719
161,0.938451214
162,1.278150119
163,0.732928312
164,0.923045867
165,0.575596135
166,2.53077262
167,0.716758822
168,1.308263395
169,1.046180608
170,1.022783428
171,1.109530713
172,1.380960791
173,5.656400704
174,0.877782489
175,1.751291644
176,0.982043764
177,1.688834986
178,1.33404324
179,0.517113235
180,4.641283088
181,1.304022098
182,0.737892705
183,1.486597411
184,0.410085716
185,0.930626922
186,1.401441291
187,1.163896936
188,0.576961185
189,1.210658167
190,1.291671901
191,1.207375157
192,1.360301396
193,0.582263084
194,0.901623648
195,0.967861713
196,0.931387137
197,0.983185422
198,1.517219642
199,1.187607887
200,1.098838551
201,1.13230904
202,0.477103687
203,1.727341023
204,1.150771449
205,0.120384938
206,0.991330077
207,0.379824226
208,1.439624441
209,1.336530945
210,1.225733089
211,1.602672825
212,1.306335339
213,1.655535062
214,1.528422673
215,0.936648042
216,1.630675881
217,1.701653091
218,1.144759218
219,1.197839958
220,1.308217157
221,1.388255633
222,1.507842147
223,1.590858909
224,1.173468869
225,1.975906646
226,1.387797668
227,1.159909377
228,1.222036792
229,0.705391659
230,1.378385307
231,1.273150695
232,1.238156046
233,1.085283948
234,1.082963386
235,0.969750326
236,1.587183209
237,0.75064492
238,2.140791081
239,1.522926555
240,1.273753507
241,1.059601227
242,1.572092119
243,1.277557797
244,0.761580737
245,1.589318789
246,3.647414016
247,0.774646848
248,0.860034234
249,1.093511789
250,1.44572706
251,0.78127988
252,1.854284546
253,0.48483883
254,0.89847785
255,0.847126092
256,0.904715229
257,1.212261712
258,1.080057858
259,1.372852225
260,1.435783494
261,0.881639056
262,0.90158975
263,1.265568728
264,1.12544633
265,1.392121104
266,1.088220701
267,0.924995776
268,3.504121055
269,1.194489386
270,1.344801929
271,1.567016826
272,1.303216696
273,1.941607936
274,0.540231188
275,1.898352514
276,1.039266714
277,0.917584751
278,1.222963385
279,0.847871789
280,1.488892986
281,1.401063203
282,1.341794215
283,1.191149398
284,1.212638351
285,0.787331663
286,2.011533114
287,1.521699297
288,1.244816336
289,1.480337499
290,0.881875696
291,0.897361378
292,2.199389394
293,1.237085522
294,0.898546868
295,1.024142235
296,0.955693041
297,1.282342704
298,0.948577828
299,0.795551179
300,1.056853019
301,1.279281809
302,1.050433927
303,2.696919526
304,1.123767878
305,1.146136568
306,1.892266855
307,2.200615137
308,1.133121023
309,0.954637842
310,1.141403859
311,0.967397748
312,1.144843342
313,1.274604986
314,1.835477218
315,1.27373306
316,1.537323797
317,1.283035865
318,1.124058238
319,0.669360164
320,0.843246383
321,0.819751403
322,1.222426634
323,0.845816633
324,0.973875267
325,1.045416396
326,0.850685512
327,1.553827286
328,1.518733869
329,1.357949064
330,0.96152434
331,1.114896281
332,1.355014045
333,1.056484614
334,0.87022447
335,0.993250572
336,1.323719426
337,0.765627414
338,1.583858749
339,1.607571257
340,0.587873089
341,0.991041195
342,1.059302051
343,2.298758584
344,1.14185046
345,1.212477822
346,1.526697662
347,2.072446313
348,1.235946859
349,1.349757899
350,1.299326349
351,1.652841319
352,1.2968086
353,1.796780482
354,1.21052137
355,1.272061979
356,0.928753995
357,1.168097102
358,1.253729273
359,1.638389012
360,0.786415188
361,2.935668545
362,0.684519854
363,0.991352863
364,0.863822936
365,1.119604227
366,0.991015134
367,1.205163401
368,2.631414386
369,1.02090241
370,2.151846747
371,1.231749654
372,1.530963402
373,0.887865356
374,1.248629331
375,1.160760851
376,0.720576768
377,1.002643202
378,1.279509917
379,0.935028597
380,0.877307253
381,1.057207866
382,1.164966624
383,1.004554644
384,1.068571694
385,0.676954655
386,0.757977754
387,1.233687959
388,0.77181851
389,1.079599319
390,1.446239365
391,1.017294879
392,1.193844536
393,0.752216608
394,1.177660785
395,1.474003829
396,1.063949367
397,1.202412297
398,0.747857074
399,2.011367406
400,1.241145167
401,1.038828847
402,0.920916035
403,1.332339055
404,1.176080482
405,1.119722675
406,0.919201436
407,1.506202703
408,1.166698855
409,1.040973104
410,1.253407
411,1.172234347
412,1.930478067
413,1.678914672
414,1.403441621
415,0.424804609
416,0.907920168
417,1.21693752
418,1.175840656
419,0.715380836
420,1.414136138
421,1.014852464
422,1.189466965
423,0.66354211
424,1.662039101
425,0.783671511
426,0.551070431
427,1.490011341
428,1.042463734
429,0.919456174
430,1.141535624
431,1.129737756
432,0.931333918
433,1.227487872
434,1.165685883
435,1.344255203
436,0.819646307
437,0.977813159
438,0.92946726
439,1.209183529
440,0.735397373
441,1.215944214
442,1.062394268
443,1.24125992
444,1.068251963
445,1.069478172
446,1.279180896
447,0.87432134
448,1.483263685
449,1.260960812
450,1.296681304
451,2.299911357
452,0.946942875
453,1.789644726
454,1.052144142
455,1.108464544
456,1.456396286
457,1.138772509
458,1.524835349
459,1.643968289
460,0.792138307
461,1.716532086
462,1.643937542
463,0.879096336
464,1.209548367
465,5.846377199
466,1.690863815
467,0.744703877
468,1.187845427
469,0.540473963
470,1.416037363
471,1.15242127
472,0.805992626
473,1.134685746
474,0.787048919
475,1.036768213
476,1.260126645
477,0.411436369
478,0.895267898
479,0.672970646
480,1.196861735
481,0.797065526
482,1.30200409
483,1.33706141
484,1.030206402
485,1.397929567
486,1.625175719
487,1.471719235
488,2.190970885
489,1.178453619
490,1.724080793
491,1.015097836
492,2.619570903
493,0.082279723
494,0.923202474
495,1.304913445
496,0.943716884
497,1.082483083
498,0.743224084
499,1.016249408
500,0.829711702
501,1.112345745
502,1.139822811
503,1.040460394
504,1.727897882
505,1.585360623
506,0.309789587
507,0.861379297
508,1.0548203
509,1.152301952
510,1.561472511
511,1.125739651
512,0.712249553
513,1.202583819
514,1.549250678
515,1.576184415
516,1.292212298
517,1.176504844
518,1.037137404
519,1.290994795
520,1.738515907
521,1.196575125
522,1.115083926
523,1.468402026
524,1.118964681
525,1.223142823
526,1.472040086
527,1.295483075
528,1.330994421
529,1.041143736
530,0.733871369
531,0.896006376
532,1.140351424
533,1.108217782
534,1.103917236
535,1.280373992
536,0.947263938
537,1.172589948
538,0.542006995
539,1.674433033
540,1.418932578
541,0.871339488
542,1.474463008
543,0.498350009
544,1.192633031
545,0.821510862
546,0.628501033
547,1.060751358
548,2.671306602
549,1.117605693
550,0.69736428
551,1.802156533
552,0.822738101
553,0.75652382
554,0.780400558
555,1.052157307
556,2.073845393
557,1.714733454
558,0.923151031
559,1.203641474
560,1.139919952
561,1.820784788
562,1.005707683
563,1.38083555
564,1.071406577
565,1.218312868
566,2.319631141
567,1.237407402
568,0.971018444
569,0.907588454
570,1.105830097
571,1.754593297
572,0.996381204
573,1.154946056
574,1.145322594
575,1.419493067
576,1.239731713
577,0.948191644
578,1.340483434
579,1.400260277
580,1.645406275
581,3.75385489
582,0.842698041
583,1.210689971
584,1.267388828
585,2.453506486
586,1.194082621
587,0.860138616
588,1.070775497
589,1.333270005
590,1.365030531
591,1.123461079
592,2.151769435
593,1.212957395
594,1.199865791
595,2.467112629
596,0.895277405
597,0.627625246
598,1.270530852
599,1.138003381
600,1.420956233
601,1.928483622
602,1.110035758
603,1.022095824
604,1.494332896
605,0.950122613
606,1.025084355
607,1.587007759
608,0.939894845
609,0.831360391
610,1.896404516
611,1.337736286
612,1.425041168
613,0.307177047
614,1.456946749
615,1.084176345
616,1.011112072
617,1.094434859
618,1.202084353
619,1.289819263
620,0.845924523
621,0.703842535
622,2.028793244
623,0.417126435
624,1.307845452
625,0.844786226
626,1.504032373
627,0.462354992
628,1.557236369
629,0.815754607
630,1.735407575
631,0.895419701
632,1.535984342
633,1.585141531
634,1.0569307
635,1.634470917
636,1.498776585
637,1.980045478
638,1.857413939
639,1.118282378
640,1.12562744
641,1.457768739
642,1.383573912
643,1.729108763
644,1.519729727
645,1.115240652
646,2.045804255
647,1.359102029
648,1.067950994
649,1.749769684
650,1.715166264
651,1.03964634
652,1.442156221
653,1.353653678
654,1.057956542
655,2.734698581
656,2.57323263
657,1.271598621
658,0.55239422
659,1.353926629
660,0.646727281
661,1.006197098
662,0.742571425
663,1.107113048
664,1.12114921
665,1.059124342
666,1.106466489
667,1.359631564
668,1.90764645
669,1.146660364
670,1.087228472
671,1.196862896
672,4.233435288
673,0.942860998
674,1.160564315
675,1.636607352
676,0.870873393
677,1.793661156
678,1.245058795
679,0.599473501
680,1.339235683
681,1.242690794
682,1.266857157
683,1.583342409
684,1.914070395
685,1.27507515
686,0.895781906
687,0.767616547
688,1.247573539
689,1.328940463
690,1.370422551
691,1.198603462
692,1.30859587
693,1.294061721
694,2.907957546
695,0.996259305
696,1.02340797
697,1.232977978
698,1.563708939
699,0.500322746
700,1.16101135
701,1.901246704
702,1.111891101
703,1.104746386
704,0.815434201
705,1.210791972
706,1.019079641
707,1.229144185
708,1.417407725
709,0.978524134
710,0.918562542
711,2.500975244
712,1.099905931
713,1.122149366
714,0.973831564
715,1.352942953
716,1.091069313
717,0.696808515
718,1.256381243
719,0.662823896
720,1.787574855
721,0.913829549
722,1.242967734
723,1.108926723
724,1.000930913
725,1.420065258
726,1.10274944
727,0.889458869
728,0.267240689
729,0.867978
730,1.064065378
731,0.683851876
732,0.77500357
733,0.519279796
734,1.010280545
735,1.018781551
736,1.329921669
737,1.249063818
738,0.895517337
739,0.903585466
740,1.158957191
741,1.370645695
742,1.350324666
743,0.875469194
744,0.699586657
745,0.677566712
746,0.700882184
747,2.514826495
748,1.257874451
749,1.093739324
750,0.941472277
751,1.369153858
752,1.152869622
753,1.004610721
754,1.524120676
755,1.080618917
756,0.96696126
757,1.187738617
758,2.415808139
759,1.116396201
760,1.448348584
761,0.680486418
762,2.970441152
763,1.039747231
764,1.113110117
765,0.731839516
766,1.28375042
767,0.936136847
768,1.701150951
769,0.68432263
770,0.828799946
771,2.520802541
772,1.240120252
773,1.212151563
774,1.723420587
775,1.363965429
776,0.848786587
777,1.417807469
778,1.255777343
779,1.264836223
780,0.790840611
781,1.435087744
782,1.039055876
783,1.253957196
784,1.008416209
785,1.200868717
786,1.145253108
787,1.838548069
788,1.141182128
789,1.285096391
790,1.081816341
791,1.426998613
792,2.287095813
793,1.304308619
794,0.757633633
795,1.233696793
796,1.612616148
797,1.19670567
798,0.754111866
799,1.301972149
800,1.105815515
801,0.781883195
802,0.807109484
803,1.189289301
804,1.629627714
805,1.457666124
806,1.044847254
807,1.139112475
808,1.223665201
809,0.901917926
810,0.55773681
811,1.735335458
812,1.363760126
813,0.978983852
814,1.413081766
815,1.363261549
816,1.582719354
817,1.243983724
818,0.755286294
819,1.228941355
820,1.179601019
821,2.111782801
822,0.808994042
823,1.499409767
824,1.10586095
825,0.884520297
826,1.087091219
827,1.127310337
828,1.316539037
829,0.977675692
830,0.813637071
831,1.37729021
832,1.227099853
833,2.130907442
834,0.968971281
835,0.927905462
836,1.205393065
837,1.979055622
838,1.881069052
839,1.419661598
840,1.247482041
841,0.806480276
842,1.369169296
843,1.119958123
844,2.412699524
845,1.224648312
846,1.22796204
847,1.163396545
848,0.725715558
849,1.057257262
850,1.425462309
851,0.811328227
852,1.306696176
853,1.126011332
854,1.563092437
855,1.117325467
856,0.59234239
857,0.988842194
858,1.223393072
859,1.292021589
860,0.545664432
861,1.18583502
862,1.15241909
863,2.478573512
864,1.192523961
865,1.084746801
866,1.257285368
867,0.962373025
868,1.04638227
869,1.166929789
870,0.119158057
871,1.356387898
872,1.190850187
873,0.757447161
874,0.676791865
875,1.093942234
876,1.143212268
877,1.032565616
878,1.613097459
879,1.137687986
880,1.259863629
881,1.216454395
882,0.936130898
883,0.682833035
884,1.265678351
885,1.021162136
886,1.023825079
887,1.248437571
888,1.271000679
889,1.495339356
890,1.339497296
891,1.046951201
892,1.186220765
893,1.855541658
894,1.084645684
895,1.069460272
896,1.094899671
897,1.529356266
898,0.875233055
899,1.098805895
900,1.042456352
901,1.082526755
902,0.953382638
903,0.76768181
904,11.30719367
905,1.183129587
906,1.045288705
907,1.555104897
908,3.812109007
909,1.0390003
910,1.617091369
911,0.407851353
912,1.005715359
913,1.256328562
914,1.480503237
915,1.220705159
916,1.66798196
917,1.046091639
918,0.487846481
919,1.098718263
920,1.532433806
921,1.119461184
922,1.092004573
923,2.028420756
924,1.594397556
925,1.082430674
926,0.365564678
927,1.014560778
928,1.038071947
929,1.566157785
930,2.046007636
931,1.441810484
932,1.619645761
933,0.819088219
934,0.964501625
935,1.085785775
936,1.318072765
937,1.229195242
938,1.289984133
939,0.548601057
940,1.112682433
941,3.117454137
942,1.880371629
943,1.151053055
944,1.301099298
945,1.261534408
946,1.112146374
947,1.606913944
948,0.81766729
949,1.474603377
950,1.050560842
951,1.541670459
952,1.393761557
953,1.58691637
954,1.161775095
955,1.068500694
956,1.483464649
957,1.256130308
958,1.141595507
959,1.316800052
960,1.234428123
961,2.782016372
962,1.400093069
963,1.077568942
964,1.073281957
965,1.553377355
966,0.842846204
967,1.26148689
968,0.640325593
969,0.448394652
970,2.596151117
971,0.646657827
972,0.559593828
973,1.395773251
974,0.214478835
975,1.128405951
976,1.066533861
977,1.376650651
978,1.202550756
979,0.818802174
980,1.658539466
981,1.056591607
982,0.704709481
983,1.125911579
984,1.018428165
985,1.141762321
986,1.397478541
987,1.197257611
988,0.831445086
989,1.299919715
990,1.045598474
991,1.249213934
992,1.420103148
993,3.058065319
994,1.136110952
995,0.789018215
996,1.558404712
997,1.721162323
998,0.91404821
999,1.341211993
1000,1.69539379
1001,1.211347573
1002,1.093020736
1003,1.482888292
1004,1.730678022
1005,1.234487278
1006,1.245321295
1007,1.452082293
1008,1.397080239
1009,0.949153713
1010,2.389597716
1011,1.357629243
1012,0.853590337
1013,0.901755384
1014,1.408237084
1015,0.906863434
1016,0.60779769
1017,1.323353663
1018,1.297089038
1019,2.847738053
1020,1.130501723
1021,1.526647321
1022,1.188699378
1023,1.195802918
1024,1.165840766
1025,1.425254968
1026,0.771494111
1027,1.395018562
1028,0.966073367
1029,1.09764997
1030,0.819906047
1031,1.469607915
1032,1.24966238
1033,1.220320469
1034,1.030880904
1035,0.6951636
1036,1.797088602
1037,1.250710378
1038,1.088776854
1039,1.676372343
1040,1.480522132
1041,2.001643814
1042,1.394143252
1043,1.160178448
1044,0.864708731
1045,0.899409321
1046,1.343378574
1047,0.990651107
1048,1.097625265
1049,0.746179524
1050,0.99055829
1051,0.817065465
1052,0.924765952
1053,1.017771566
1054,0.813195557
1055,2.208909314
1056,1.83936172
1057,1.315589802
1058,1.619429093
1059,1.087721717
1060,0.870092525
1061,0.928973124
1062,2.022535753
1063,1.547821663
1064,1.808581618
1065,1.21031515
1066,1.346987216
1067,1.532034761
1068,1.507267431
1069,0.878022422
1070,1.096112298
1071,0.997696954
1072,0.947704203
1073,0.900746764
1074,0.922117305
1075,0.941412201
1076,0.84661906
1077,1.037172509
1078,1.962226324
1079,1.476539629
1080,0.304220674
1081,1.413769023
1082,0.700993965
1083,1.570276689
1084,0.719401883
1085,1.438121541
1086,1.718598011
1087,1.635488281
1088,1.273151228
1089,1.352179709
1090,0.852950805
1091,1.251858047
1092,1.398958418
1093,1.142956771
1094,1.31645338
1095,0.766687766
1096,1.004428179
1097,2.346388783
1098,2.083250996
1099,1.730173191
1100,0.974749688
1101,0.989779776
1102,2.827586488
1103,0.924068751
1104,1.069315556
1105,1.264856444
1106,1.41426055
1107,1.03325341
1108,1.857934733
1109,1.093366335
1110,1.061225504
1111,0.955362127
1112,2.762920782
1113,1.342632137
1114,0.921735398
1115,0.193159114
1116,1.233380276
1117,1.185904428
1118,1.911723021
1119,1.245680586
1120,0.66480825
1121,1.17494789
1122,0.997468272
1123,1.063588525
1124,1.042907864
1125,1.130025022
1126,1.215794131
1127,1.038234598
1128,1.616426288
1129,1.124228518
1130,1.414105703
1131,0.767302019
1132,1.689514768
1133,0.917815911
1134,0.992259617
1135,1.505649979
1136,1.649642119
1137,1.564495343
1138,1.030972496
1139,0.923344821
1140,1.172401502
1141,0.852307033
1142,1.22346961
1143,0.989881787
1144,3.922077549
1145,1.383198659
1146,1.356733863
1147,0.857505474
1148,0.989582767
1149,0.832004637
1150,1.549263511
1151,1.156794953
1152,1.100961022
1153,0.956189241
1154,1.306189296
1155,1.865942409
1156,0.782370147
1157,0.626051442
1158,1.068609896
1159,1.928363412
1160,0.80043511
1161,1.765395136
1162,0.815404556
1163,1.332649389
1164,0.478903243
1165,0.698762447
1166,1.20054752
1167,0.429106304
1168,4.567816699
1169,0.866345088
1170,0.979449721
1171,1.934170176
1172,0.298618238
1173,0.532062692
1174,0.921007538
1175,1.963114107
1176,1.517284385
1177,1.083058837
1178,0.880353243
1179,1.19255889
1180,1.321308358
1181,0.825593125
1182,0.897098204
1183,0.973116178
1184,0.862430642
1185,0.775237746
1186,4.493767564
1187,1.394719842
1188,1.180906486
1189,1.770194064
1190,1.493062597
1191,0.23255679
1192,1.229631604
1193,0.987179909
1194,1.555954659
1195,2.327806519
1196,1.310281422
1197,1.352137986
1198,0.597894505
1199,1.206489444
1200,1.081050384
1201,1.131265709
1202,1.277672057
1203,0.839131585
1204,1.656101139
1205,1.761758573
1206,0.584860851
1207,1.302194885
1208,0.445323968
1209,1.997401892
1210,1.133160378
1211,0.868835579
1212,2.110865649
1213,1.859563454
1214,1.358459307
1215,0.989176725
1216,1.09363353
1217,1.881041185
1218,1.320841944
1219,1.1578978
1220,1.31178848
1221,1.144155272
1222,1.897461487
1223,0.900357766
1224,1.398468818
1225,1.311873617
1226,1.075469027
1227,0.455920377
1228,0.810316391
1229,0.44663333
1230,1.024179022
1231,2.218104954
1232,1.055030988
1233,0.972767007
1234,0.967573963
1235,1.511171935
1236,1.528152423
1237,0.895152473
1238,0.692174663
1239,0.672991337
1240,1.023095984
1241,0.880054546
1242,1.613751809
1243,1.344652403
1244,0.957812116
1245,0.62184003
1246,1.269269335
1247,1.464680279
1248,0.994794897
1249,0.973553905
1250,1.515663304
1251,0.988358383
1252,1.656140184
1253,1.183163998
1254,0.733849068
1255,1.284449099
1256,0.901892028
1257,1.310186977
1258,2.022259155
1259,1.491745625
1260,1.607521425
1261,0.227903046
1262,1.436303353
1263,1.833526072
1264,1.3550679
1265,2.252138082
1266,1.397427594
1267,1.39256401
1268,1.442800088
1269,1.216575258
1270,0.377922998
1271,1.027354933
1272,1.190519422
1273,1.661657803
1274,0.814660087
1275,1.039982659
1276,1.234845919
1277,1.530258932
1278,1.089685681
1279,1.337247085
1280,1.398417388
1281,1.254256828
1282,1.165561542
1283,1.170818761
1284,1.30578065
1285,1.351823921
1286,0.631919453
1287,2.01077094
1288,1.229592806
1289,1.397103061
1290,1.119767688
1291,0.774627405
1292,1.325975992
1293,1.130643543
1294,1.109370211
1295,0.926952799
1296,0.82710679
1297,1.081677307
1298,1.146728625
1299,1.908329492
1300,1.722082797
1301,1.123610058
1302,2.623116496
1303,0.927505083
1304,1.294023174
1305,1.044307891
1306,1.483601048
1307,1.10952009
1308,1.03335023
1309,1.043942343
1310,1.011442772
1311,0.881167635
1312,0.940969518
1313,0.714313421
1314,1.110347553
1315,1.287327142
1316,1.239150152
1317,1.153110412
1318,1.258336076
1319,1.254631805
1320,0.955539783
1321,1.111664382
1322,1.194605632
1323,1.25229478
1324,0.60188401
1325,1.677488243
1326,0.855838483
1327,1.463399714
1328,1.303857669
1329,1.53980416
1330,1.348970265
1331,1.309177118
1332,1.28545461
1333,0.645042953
1334,0.637663038
1335,1.175721892
1336,1.139704699
1337,1.049205241
1338,2.605133795
1339,1.14502541
1340,0.546337764
1341,1.176014808
1342,1.883778021
1343,1.380743673
1344,1.119412852
1345,0.785346045
1346,0.762122615
1347,1.070453795
1348,0.953846412
1349,1.068838768
1350,0.950282282
1351,0.807418759
1352,1.445506381
1353,0.94379081
1354,1.081191232
1355,2.473848128
1356,0.728079443
1357,1.508873558
1358,1.236835569
1359,0.996182182
1360,1.192226984
1361,0.91018145
1362,1.6051213
1363,0.627233224
1364,1.45671007
1365,1.360209094
1366,1.682220895
1367,2.442465482
1368,0.927865702
1369,0.877604508
1370,1.641166472
1371,0.852813933
1372,0.969982033
1373,0.650188008
1374,1.026565482
1375,1.095765949
1376,0.944034664
1377,1.093079712
1378,1.774172984
1379,0.762476033
1380,0.777838534
1381,1.52657642
1382,2.4836508
1383,1.198324564
1384,1.136121217
1385,0.868717039
1386,2.266211728
1387,0.852890287
1388,0.995125808
1389,2.64737067
1390,2.193045644
1391,1.296309809
1392,1.150377264
1393,2.25534665
1394,0.8756766
1395,1.535873931
1396,1.529785883
1397,0.518670658
1398,0.81298068
1399,1.143561833
1400,1.075204857
1401,1.150050262
1402,1.482610443
1403,1.147944905
1404,0.821388478
1405,0.872572979
1406,1.473734797
1407,1.399148359
1408,1.501121461
1409,0.874246174
1410,1.182855829
1411,1.195695092
1412,1.190568784
1413,0.862738804
1414,0.895671513
1415,0.805568913
1416,0.862951074
1417,1.515940534
1418,12.46277228
1419,1.027723538
1420,0.277358306
1421,0.623685131
1422,1.086509496
1423,1.130794698
1424,1.952556094
1425,1.464539725
1426,0.87172661
1427,1.142155929
1428,1.25767289
1429,1.119736489
1430,1.896634769
1431,1.084125231
1432,1.872285789
1433,0.834373621
1434,1.81379579
1435,1.393112924
1436,1.085657592
1437,1.26664637
1438,0.880900554
1439,1.334572839
1440,1.888511199
1441,0.757966041
1442,5.104963046
1443,1.333638341
1444,0.367551319
1445,1.719573133
1446,1.836318289
1447,0.912111403
1448,1.325859141
1449,1.611069042
1450,1.250287833
1451,0.65020434
1452,1.873817093
1453,1.464753339
1454,1.054548212
1455,0.707054273
1456,4.504448322
1457,1.154521717
1458,1.139344953
1459,3.089891471
1460,1.452934287
1461,0.821661295
1462,1.163525848
1463,1.59132813
1464,0.642971358
1465,0.884643058
1466,1.064521429
1467,1.401552254
1468,0.538850458
1469,1.614034688
1470,1.206030888
1471,1.218634854
1472,1.22897596
1473,1.235607705
1474,0.593875386
1475,1.218077272
1476,1.121141753
1477,1.23335185
1478,1.113214028
1479,0.947780805
1480,1.466963311
1481,1.073455779
1482,1.870791108
1483,1.129196188
1484,1.225251582
1485,1.306564979
1486,3.214390168
1487,1.435380463
1488,1.675541115
1489,0.570456902
1490,1.092656923
1491,1.092641132
1492,1.165290462
1493,1.054062508
1494,1.098375521
1495,0.841341897
1496,1.188091908
1497,1.346241295
1498,1.095000317
1499,1.418064917
1500,1.287276914
1501,1.632511824
1502,0.621072459
1503,1.256127785
1504,1.150538253
1505,1.055668416
1506,0.993980826
1507,1.198182839
1508,1.229514018
1509,0.925826161
1510,1.716550516
1511,0.943577427
1512,0.956077395
1513,1.401856571
1514,1.418851512
1515,0.958282473
1516,1.540623881
1517,0.984189061
1518,1.370554385
1519,1.20460277
1520,0.980550786
1521,1.05393057
1522,1.20372349
1523,0.810275632
1524,0.690914255
1525,0.973269937
1526,1.58587811
1527,1.185400931
1528,1.493188504
1529,1.082872954
1530,1.051152746
1531,1.088959102
1532,0.973835164
1533,1.227425607
1534,1.306086546
1535,1.264226796
1536,0.662572941
1537,0.979907908
1538,0.949867836
1539,1.675343637
1540,1.179062157
1541,1.496040073
1542,1.268507384
1543,1.571858834
1544,0.506078601
1545,1.09211824
1546,1.050296519
1547,1.245645365
1548,2.640751019
1549,0.901799141
1550,1.537967822
1551,1.169243878
1552,0.593112675
1553,1.44986221
1554,1.051932612
1555,0.911456405
1556,1.371288935
1557,0.814802498
1558,1.073046247
1559,1.238540501
1560,1.505203389
1561,1.353739872
1562,0.867634957
1563,0.63280371
1564,1.191033246
1565,1.23415465
1566,0.974415807
1567,1.254533528
1568,0.639631193
1569,0.742266088
1570,1.282137514
1571,1.905181066
1572,0.875957301
1573,1.121553976
1574,0.820310191
1575,0.723241046
1576,1.037388035
1577,1.011271313
1578,1.602419202
1579,0.684765604
1580,1.460468627
1581,1.036037597
1582,1.10366547
1583,1.220791542
1584,3.821657332
1585,1.151748509
1586,2.271845219
1587,4.42744039
1588,1.098616263
1589,0.512605835
1590,1.274318225
1591,1.044430225
1592,0.893377144
1593,0.97187731
1594,0.977274158
1595,0.98711061
1596,2.919237197
1597,1.13100597
1598,0.537997562
1599,0.942869882
1600,0.78241873
1601,2.362721426
1602,3.093142644
1603,1.220016999
1604,0.966541089
1605,1.133451766
1606,0.783921947
1607,1.195124989
1608,0.795977725
1609,1.259572917
1610,0.740310687
1611,1.068877909
1612,1.099824977
1613,1.378581008
1614,0.967037359
1615,0.939167885
1616,0.78595097
1617,1.43542004
1618,1.780385149
1619,0.72041013
1620,0.936785297
1621,1.792235797
1622,1.107421481
1623,1.523006784
1624,1.314179275
1625,1.116405736
1626,1.241766394
1627,1.013087293
1628,1.486732886
1629,0.751076983
1630,1.082069644
1631,0.907209291
1632,0.838528273
1633,0.864752816
1634,1.426506459
1635,2.503854083
1636,1.095469744
1637,1.1634487
1638,1.47346483
1639,0.808641951
1640,1.061287341
1641,1.733660942
1642,1.727990403
1643,0.866990826
1644,1.122512486
1645,1.840643987
1646,0.966163052
1647,1.220280727
1648,1.321360418
1649,1.324698151
1650,1.259026582
1651,0.999443105
1652,0.996741659
1653,0.910067006
1654,1.148090993
1655,1.776338734
1656,0.914953824
1657,1.39164801
1658,1.058081263
1659,0.888772146
1660,1.164742551
1661,0.580378163
1662,1.018770447
1663,1.270764307
1664,1.001417213
1665,0.98892845
1666,1.27601839
1667,0.648390819
1668,1.21481148
1669,1.064424113
1670,3.067189013
1671,0.784878911
1672,1.598408819
1673,1.083977335
1674,1.444737344
1675,1.230904347
1676,1.681346264
1677,0.752658422
1678,0.556477525
1679,1.185095513
1680,1.384187939
1681,0.706272314
1682,1.268528267
1683,1.176515308
1684,1.263158716
1685,0.753844702
1686,1.296525637
1687,1.057738604
1688,2.157967051
1689,1.386698215
1690,1.397685727
1691,3.215333264
1692,1.124439226
1693,1.217481095
1694,1.661480273
1695,2.78955027
1696,1.675339137
1697,1.014210658
1698,1.141549603
1699,1.863817129
1700,0.878594333
1701,1.112054513
1702,1.272916299
1703,1.714387397
1704,1.155763556
1705,1.064800762
1706,3.626283606
1707,0.92153439
1708,0.995662461
1709,0.972091572
1710,1.298744458
1711,1.125993399
1712,1.19863856
1713,1.065171568
1714,1.328092727
1715,2.123517148
1716,1.790790008
1717,0.223041544
1718,0.486389521
1719,1.080103075
1720,0.481190762
1721,0.756102775
1722,1.321589334
1723,1.048243435
1724,0.829404215
1725,0.988712438
1726,1.602027913
1727,1.400963066
1728,0.912235334
1729,0.631738049
1730,1.184250311
1731,1.209589837
1732,1.757865661
1733,1.312207741
1734,3.657514888
1735,1.466727918
1736,1.06774727
1737,1.076590376
1738,1.430317405
1739,1.342168719
1740,1.919043635
1741,0.992431226
1742,1.071469053
1743,1.020689533
1744,1.268546976
1745,1.093268041
1746,2.413363662
1747,1.180680962
1748,1.403034376
1749,0.975820862
1750,1.025408046
1751,1.917657324
1752,11.9949546
1753,0.706162596
1754,1.113460276
1755,1.208157442
1756,1.43229384
1757,1.137618368
1758,1.156398496
1759,1.232386492
1760,2.417211669
1761,1.128557332
1762,1.189273156
1763,1.222254081
1764,0.873502399
1765,1.3022458
1766,1.441133023
1767,1.271677084
1768,1.309273065
1769,1.383919553
1770,1.109202825
1771,0.907670496
1772,1.255580595
1773,0.514068583
1774,0.698673891
1775,0.915416714
1776,1.814523124
1777,1.210983996
1778,1.636920813
1779,0.412645002
1780,1.057664701
1781,1.090631547
1782,1.129626761
1783,0.759391951
1784,0.919682355
1785,1.263110376
1786,1.004385864
1787,0.776893805
1788,1.096907921
1789,0.968475555
1790,1.03513646
1791,1.199198571
1792,1.220080839
1793,1.187336116
1794,1.376345572
1795,3.455396582
1796,2.413925661
1797,1.142196941
1798,1.240052762
1799,1.101927354
1800,1.040314385
1801,1.433262209
1802,1.484886291
1803,1.258501448
1804,1.25269828
1805,1.067386585
1806,0.729856276
1807,1.375387506
1808,1.225936787
1809,1.159700878
1810,1.271388153
1811,1.238807492
1812,1.095842715
1813,0.618055396
1814,0.943797391
1815,1.206116216
1816,0.426706551
1817,1.538609497
1818,1.097348898
1819,0.757983978
1820,0.785997225
1821,2.01288609
1822,0.814794815
1823,1.344293096
1824,0.910894688
1825,1.117883629
1826,1.722829825
1827,1.141639557
1828,0.917266087
1829,1.408232063
1830,1.066080701
1831,1.008141284
1832,1.373717388
1833,3.40049829
1834,1.477000608
1835,1.363670522
1836,1.004178547
1837,1.213315156
1838,1.434560659
1839,1.044817166
1840,1.593285399
1841,1.175609077
1842,0.978750281
1843,1.183904026
1844,1.041508533
1845,1.830426045
1846,1.222871732
1847,1.210065846
1848,0.927968319
1849,1.893027982
1850,0.869414822
1851,1.565418071
1852,1.304179917
1853,1.633866501
1854,1.323381571
1855,1.036976126
1856,2.027476336
1857,1.08032285
1858,0.748599817
1859,1.72643079
1860,1.819887686
1861,0.606922844
1862,1.169202086
1863,1.291920922
1864,0.807564201
1865,2.634133104
1866,1.545938637
1867,0.965470877
1868,1.745332779
1869,0.702413044
1870,1.439382745
1871,2.434318672
1872,1.258362853
1873,1.097921984
1874,0.68894208
1875,0.970640889
1876,1.608103565
1877,2.127924194
1878,1.094224787
1879,0.794284251
1880,0.992727931
1881,0.763632079
1882,1.27366203
1883,1.746172226
1884,2.006835115
1885,1.321884831
1886,1.304203825
1887,1.086941752
1888,1.223111931
1889,1.042704202
1890,1.842024316
1891,2.185709289
1892,1.824676282
1893,1.56641509
1894,1.40123662
1895,1.225459053
1896,0.971818727
1897,0.968099633
1898,1.043100977
1899,0.580235067
1900,1.908012737
1901,0.554431065
1902,1.496915867
1903,1.392994878
1904,1.236577778
1905,0.674217797
1906,1.376547256
1907,1.460525235
1908,1.056882289
1909,1.27478189
1910,0.836173899
1911,1.494900005
1912,1.396555019
1913,1.185303628
1914,0.984844156
1915,1.05188491
1916,1.006593172
1917,1.039228929
1918,0.911556263
1919,1.112485718
1920,1.33905078
1921,2.108063505
1922,1.523560465
1923,0.99348022
1924,1.475785824
1925,1.742830191
1926,1.334171383
1927,0.538054086
1928,1.371135425
1929,1.058939448
1930,0.691149482
1931,2.64249999
1932,1.65683154
1933,1.646471463
1934,2.321228414
1935,1.776352333
1936,1.300526871
1937,1.021327063
1938,1.055286145
1939,0.753310968
1940,1.701025837
1941,1.316166953
1942,1.328369166
1943,1.727426225
1944,1.603060196
1945,1.234562667
1946,0.944598259
1947,1.069519259
1948,0.642118896
1949,1.192034503
1950,1.082697305
1951,0.481292582
1952,0.615024272
1953,1.021280014
1954,1.367110638
1955,1.465064139
1956,1.327642761
1957,1.564423959
1958,0.881694586
1959,1.100763843
1960,1.277381689
1961,2.0991417
1962,1.068763843
1963,1.601358357
1964,1.65665117
1965,1.588116421
1966,1.599603497
1967,1.100897318
1968,0.908583997
1969,0.673156345
1970,1.02050859
1971,2.685356736
1972,1.011271128
1973,1.176305618
1974,1.587828647
1975,1.66607203
1976,1.270108046
1977,0.604012626
1978,1.269860594
1979,0.965260339
1980,1.305844192
1981,3.67186293
1982,1.445588068
1983,1.091377824
1984,1.106688304
1985,0.619856523
1986,1.236125999
1987,1.055206768
1988,2.061170909
1989,0.920111363
1990,0.764301272
1991,1.306964925
1992,0.935665214
1993,1.256919892
1994,0.429776551
1995,0.957880301
1996,0.664111267
1997,1.021413286
1998,0.770296819
1999,0.998760484
2000,1.156580488
2001,0.934698072
2002,1.148327623
2003,3.590219299
2004,1.260629555
2005,2.083668145
2006,1.002670814
2007,0.957756549
2008,0.994734448
2009,1.341637613
2010,0.810060082
2011,1.341475884
2012,1.61063685
2013,1.174707515
2014,5.502376159
2015,1.636840851
2016,1.610382582
2017,1.030126778
2018,1.432745147
2019,1.079657469
2020,1.448048588
2021,1.321839005
2022,0.806861143
2023,1.294571187
2024,0.751164939
2025,1.538686415
2026,1.24731687
2027,1.39340445
2028,1.309790844
2029,1.191454112
2030,1.130272741
2031,1.474816799
2032,1.455790797
2033,1.455999744
2034,3.858640612
2035,0.943763288
2036,1.134060824
2037,0.915922759
2038,0.49723864
2039,1.162096302
2040,1.75999881
2041,7.454376076
2042,0.838054644
2043,0.984330752
2044,1.075056304
2045,0.679231643
2046,1.16955772
2047,1.174179235
2048,0.973457285
2049,1.213723177
2050,0.427450141
2051,1.21218667
2052,0.992150194
2053,0.982547452
2054,1.028585458
2055,1.504404841
2056,2.696975297
2057,0.945259619
2058,1.316579918
2059,0.786733922
2060,0.678712132
2061,1.17241512
2062,0.774322699
2063,1.2080305
2064,0.467642889
2065,1.069279955
2066,0.897874439
2067,0.808765194
2068,1.017196375
2069,0.770841933
2070,1.647659404
2071,1.162706568
2072,1.791072397
2073,0.991645753
2074,0.630601815
2075,1.204828966
2076,1.301126198
2077,1.114321557
2078,1.661056347
2079,1.07307288
2080,0.922883021
2081,1.186637936
2082,0.727097173
2083,1.424856783
2084,0.727036212
2085,1.930284146
2086,1.104193644
2087,0.770539194
2088,0.790322039
2089,0.932761225
2090,2.189194568
2091,1.425915084
2092,0.812756728
2093,1.152647691
2094,0.984026556
2095,1.060920836
2096,1.032987838
2097,0.969335475
2098,1.478774151
2099,0.95418754
2100,2.200778675
2101,1.471633498
2102,1.606339244
2103,0.754959241
2104,0.863213824
2105,1.841494871
2106,1.05318261
2107,1.243053873
2108,0.954322841
2109,0.317738656
2110,0.664366255
2111,0.945502083
2112,1.259466818
2113,2.203388876
2114,1.578948657
2115,1.115284654
2116,1.274522451
2117,0.418183873
2118,1.1475315
2119,0.903851115
2120,0.970970566
2121,1.427734422
2122,1.085879828
2123,1.122907917
2124,1.056096878
2125,1.217143192
2126,1.358075742
2127,1.730321495
2128,0.974833385
2129,0.730331828
2130,1.622940953
2131,0.987789144
2132,1.406628328
2133,2.283505539
2134,1.43059647
2135,1.058553193
2136,1.649041941
2137,1.291206028
2138,1.171719192
2139,0.456746736
2140,1.243962271
2141,0.500613017
2142,1.030709684
2143,1.72921015
2144,0.296716315
2145,1.788433343
2146,1.189576497
2147,0.984018193
2148,1.261189617
2149,1.114368438
2150,1.350564564
2151,0.881974311
2152,0.844893101
2153,0.850267537
2154,1.24941265
2155,0.251849155
2156,1.126125896
2157,3.292556245
2158,1.590328758
2159,1.299324857
2160,1.49663935
2161,0.817490421
2162,1.017660145
2163,1.78654389
2164,0.846924216
2165,2.253418141
2166,1.418420851
2167,1.147335073
2168,1.148454997
2169,1.561707596
2170,0.962406645
2171,1.546726691
2172,1.173205847
2173,2.850112798
2174,1.565451298
2175,0.908828611
2176,1.24919755
2177,1.221207582
2178,1.302048373
2179,1.253341053
2180,1.384207441
2181,1.03897165
2182,0.985138731
2183,1.044103435
2184,0.299063649
2185,1.076980084
2186,1.237357655
2187,0.813491327
2188,1.444783635
2189,1.318260158
2190,0.982312058
2191,0.621947567
2192,1.698191352
2193,1.011223329
2194,0.947523788
2195,1.371163836
2196,1.025703646
2197,1.416169706
2198,1.153016306
2199,1.059724053
2200,0.836081474
2201,1.282532029
2202,0.988720711
2203,0.761049632
2204,0.974192489
2205,0.683263824
2206,2.002202957
2207,1.078878703
2208,1.420676802
2209,1.068921981
2210,1.093154068
2211,1.019191039
2212,1.451496153
2213,0.940332106
2214,1.364238243
2215,0.896447386
2216,1.529917619
2217,1.397830415
2218,1.084217117
2219,0.596144799
2220,0.749514648
2221,1.102019976
2222,1.975604347
2223,4.014660643
2224,1.554462136
2225,0.800379129
2226,0.818773886
2227,0.541043222
2228,0.950602709
2229,1.628516295
2230,0.863854368
2231,1.080527332
2232,0.687424099
2233,1.442878263
2234,1.466013109
2235,0.98222073
2236,0.405989693
2237,0.891767984
2238,1.071648981
2239,0.447371641
2240,1.003706976
2241,1.149545509
2242,1.923929624
2243,0.425144552
2244,1.165407159
2245,1.684915845
2246,1.749213981
2247,1.388324877
2248,0.893668886
2249,1.156902166
2250,1.066673426
2251,1.638275275
2252,1.108041005
2253,1.050614813
2254,0.940379531
2255,1.077350448
2256,0.900737961
2257,2.83529741
2258,1.155247025
2259,1.199786159
2260,1.039661668
2261,0.973784624
2262,1.060108434
2263,1.490388812
2264,1.402591523
2265,0.712664845
2266,0.974043916
2267,1.645015682
2268,1.498678004
2269,1.294212979
2270,1.133338773
2271,1.832675739
2272,1.011039607
2273,1.245488019
2274,1.045275107
2275,1.8068944
2276,0.575284275
2277,1.127045748
2278,1.257019358
2279,0.96854043
2280,1.273597487
2281,1.196025412
2282,1.314685588
2283,1.225063217
2284,0.780614649
2285,1.334929287
2286,1.22399559
2287,1.362730556
2288,1.578695909
2289,1.351607344
2290,0.922297006
2291,0.856897057
2292,1.102647687
2293,0.829019739
2294,0.823998259
2295,1.374846212
2296,2.043775442
2297,0.627506538
2298,1.036822277
2299,1.47483092
2300,1.004562818
2301,1.083547794
2302,1.583045454
2303,8.879445162
2304,1.698351559
2305,1.181124358
2306,1.152047022
2307,0.810427451
2308,0.741888108
2309,0.612103574
2310,0.810907286
2311,1.233835913
2312,0.81270375
2313,1.090143549
2314,1.040774633
2315,1.052206556
2316,1.151222412
2317,1.069732296
2318,2.932563289
2319,1.322248338
2320,1.634311193
2321,1.478587268
2322,1.03186294
2323,0.814740909
2324,0.99058119
2325,0.873352804
2326,1.217614063
2327,0.905155949
2328,0.771177961
2329,1.036498769
2330,1.305189495
2331,1.636380319
2332,1.892279193
2333,0.996860109
2334,1.07643184
2335,0.975646234
2336,0.778456422
2337,1.221377149
2338,0.911877072
2339,1.814367607
2340,1.803008228
2341,1.185979197
2342,1.319948454
2343,1.005117724
2344,1.287266665
2345,1.165147023
2346,1.129267376
2347,1.621851264
2348,2.043028159
2349,1.365882177
2350,0.634299211
2351,0.593442531
2352,1.103097746
2353,0.823614095
2354,1.470251002
2355,1.133407991
2356,0.147464647
2357,1.031759864
2358,1.187098191
2359,1.625239817
2360,1.904188514
2361,1.59004976
2362,1.338652597
2363,0.706676904
2364,0.927945159
2365,0.594076455
2366,1.177644553
2367,1.055263247
2368,0.864751133
2369,0.973097644
2370,0.88287445
2371,1.64877731
2372,0.964386863
2373,1.541188198
2374,1.03012662
2375,0.932049232
2376,0.99695968
2377,1.69346093
2378,1.747588663
2379,1.092019028
2380,0.926923696
2381,1.168491584
2382,1.188887062
2383,1.012408348
2384,1.979639785
2385,1.985091863
2386,3.180790161
2387,0.911999214
2388,1.42174989
2389,1.089851479
2390,0.816462582
2391,1.143459554
2392,1.688773643
2393,1.26739246
2394,1.047300913
2395,0.648609605
2396,1.323023106
2397,0.539775183
2398,1.129967183
2399,1.300686809
2400,1.035477798
2401,1.119554385
2402,0.813011796
2403,1.054480646
2404,1.180469503
2405,0.810056112
2406,0.947506815
2407,1.19435642
2408,1.095002469
2409,1.123601843
2410,1.243183336
2411,1.06304588
2412,1.516782815
2413,0.309405716
2414,0.305532143
2415,0.861295444
2416,1.199221777
2417,1.15690423
2418,1.664705819
2419,2.448905121
2420,1.040603592
2421,1.368398627
2422,0.860088774
2423,1.345697308
2424,1.457818053
2425,1.512377395
2426,1.403462619
2427,1.00460421
2428,1.156552294
2429,0.947609917
2430,1.169523481
2431,1.400778261
2432,0.881174587
2433,1.462202647
2434,2.045284446
2435,0.696096228
2436,0.904944642
2437,0.916517959
2438,1.262562463
2439,1.411567012
2440,1.79369375
2441,1.162336915
2442,0.872773453
2443,1.042223343
2444,1.390157351
2445,1.23137458
2446,1.192176727
2447,0.96883715
2448,1.696734493
2449,1.79110448
2450,1.134114333
2451,0.532740121
2452,1.015777052
2453,1.266991161
2454,1.336969881
2455,2.108318858
2456,1.021722912
2457,0.663260771
2458,1.623438228
2459,1.594759986
2460,1.913164472
2461,1.443744713
2462,1.118962961
2463,0.344227272
2464,0.990734763
2465,0.992347343
2466,1.414010728
2467,0.936589434
2468,1.069572273
2469,1.213498985
2470,1.462594104
2471,0.220986304
2472,0.968767888
2473,0.906251263
2474,1.180802033
2475,1.711861581
2476,1.352190955
2477,1.178088679
2478,0.892391257
2479,1.321461269
2480,1.767703769
2481,1.376206386
2482,1.095645442
2483,1.598630649
2484,0.674098543
2485,1.457023537
2486,1.362096066
2487,1.039720694
2488,1.584283952
2489,0.834864148
2490,1.533115807
2491,0.533490542
2492,1.010280683
2493,1.008125301
2494,0.899524036
2495,1.006115972
2496,2.189030118
2497,1.530012027
2498,1.29543601
2499,2.170314464
2500,1.115860742
2501,1.965893525
2502,1.423731314
2503,0.891057914
2504,0.617893655
2505,1.074810912
2506,1.230601474
2507,1.247196672
2508,1.213755136
2509,0.947236911
2510,1.950970199
2511,0.971639658
2512,1.101015428
2513,0.944776188
2514,0.603856418
2515,1.40420345
2516,0.71046977
2517,7.907750532
2518,1.844507042
2519,0.985856323
2520,0.837509456
2521,1.278776425
2522,1.452351076
2523,1.208704639
2524,2.113684218
2525,0.779973234
2526,1.428952108
2527,1.059515705
2528,1.584302107
2529,1.067956568
2530,1.071690897
2531,1.18896167
2532,1.002253787
2533,1.325984613
2534,1.116995994
2535,1.076438715
2536,1.952426052
2537,0.474474368
2538,2.31574951
2539,0.816387036
2540,0.436725747
2541,0.501449926
2542,1.775537173
2543,1.141280924
2544,1.458469046
2545,0.97992269
2546,1.394208143
2547,1.070463353
2548,0.971117975
2549,1.354929574
2550,1.039668974
2551,0.758234928
2552,0.831044679
2553,1.456298973
2554,1.847597988
2555,0.660355037
2556,1.903722918
2557,0.958707371
2558,1.394215954
2559,1.790512563
2560,1.184409445
2561,0.851879517
2562,0.666071775
2563,1.232423694
2564,0.329811273
2565,1.263165817
2566,0.69629224
2567,1.176745329
2568,1.039880499
2569,1.251130612
2570,1.236691038
2571,0.958042028
2572,1.106064101
2573,1.281799605
2574,0.698854089
2575,0.656570717
2576,1.636951516
2577,0.598935156
2578,0.640451353
2579,0.928150246
2580,0.785253368
2581,1.203590642
2582,1.02279919
2583,0.679999158
2584,1.099824914
2585,1.409631418
2586,1.042388921
2587,0.731488474
2588,2.324759349
2589,1.844434602
2590,1.430933209
2591,0.835818906
2592,1.297702104
2593,0.832013842
2594,1.223241157
2595,1.344279218
2596,1.924218361
2597,0.734990366
2598,1.039521518
2599,1.24751682
2600,1.160891205
2601,1.080726534
2602,1.252380554
2603,0.865278719
2604,2.678112608
2605,1.155440268
2606,1.626207761
2607,0.588794931
2608,1.015959201
2609,2.886368014
2610,1.748600678
2611,1.401365158
2612,1.370706726
2613,0.987636305
2614,1.669057975
2615,1.326488293
2616,0.977502793
2617,1.6315622
2618,1.216106493
2619,0.945994027
2620,0.729095876
2621,3.013264077
2622,1.499173749
2623,0.824544907
2624,1.484648851
2625,1.03415185
2626,1.762294003
2627,1.303727331
2628,0.999487889
2629,0.652344408
2630,1.400733664
2631,1.765403568
2632,0.937870013
2633,1.068272268
2634,1.496568238
2635,0.939063427
2636,0.866686368
2637,1.487262387
2638,0.847724194
2639,2.506153091
2640,1.496311729
2641,1.047676557
2642,1.12707241
2643,0.639726484
2644,0.827264556
2645,1.016715659
2646,0.854417547
2647,1.486165432
2648,0.986056193
2649,0.416308275
2650,2.455891484
2651,0.898717105
2652,1.318208546
2653,1.56944851
2654,1.078332226
2655,2.382524988
2656,1.379334755
2657,0.860053858
2658,0.907063588
2659,1.588424514
2660,0.759263282
2661,1.137096604
2662,1.154910167
2663,1.047317359
2664,4.282274906
2665,0.772987713
2666,0.933725014
2667,1.057153782
2668,0.983353107
2669,0.714012154
2670,0.297759395
2671,0.870759989
2672,0.809909301
2673,0.985299739
2674,3.186461143
2675,1.178724659
2676,0.899624036
2677,1.543163016
2678,0.891343326
2679,1.024219922
2680,1.818134887
2681,1.063166555
2682,1.523346215
2683,0.886186555
2684,0.97473008
2685,1.386117678
2686,1.941644488
2687,1.470940053
2688,1.105991497
2689,2.074333702
2690,1.357129196
2691,1.112334949
2692,1.072701075
2693,0.92654259
2694,1.392070402
2695,1.073157412
2696,1.27893894
2697,1.733809989
2698,1.052285059
2699,1.368078136
2700,0.924413802
2701,1.337222382
2702,0.869293666
2703,1.626035918
2704,1.314317719
2705,8.145483325
2706,1.406327233
2707,1.039014237
2708,0.640683937
2709,1.146726983
2710,1.023409156
2711,4.109175916
2712,0.646734285
2713,1.168472528
2714,1.72867154
2715,0.963449497
2716,1.556222582
2717,1.518775284
2718,1.098799388
2719,2.822519644
2720,1.346299537
2721,2.718942486
2722,1.731642144
2723,1.044498374
2724,0.724542726
2725,2.048372704
2726,1.574695458
2727,1.611507238
2728,1.107495585
2729,0.894675875
2730,0.913113696
2731,1.195265352
2732,1.117059462
2733,1.360926141
2734,1.372070055
2735,0.961584633
2736,1.393715129
2737,0.961491776
2738,1.114468696
2739,1.077040174
2740,1.655969995
2741,1.487235954
2742,1.159040314
2743,1.119415764
2744,1.572348363
2745,0.927171145
2746,1.970651091
2747,1.070870353
2748,0.970674286
2749,0.906350878
2750,1.160414467
2751,1.601507631
2752,0.440161768
2753,1.146085474
2754,1.271198844
2755,2.024943269
2756,0.957047002
2757,1.237558676
2758,1.295235205
2759,1.362189172
2760,1.183015508
2761,1.16614774
2762,1.018955239
2763,0.841697642
2764,0.912056693
2765,1.661758348
2766,1.218100105
2767,1.242907235
2768,0.973144369
2769,0.738325185
2770,2.065731231
2771,1.260402552
2772,0.981119105
2773,1.225448471
2774,1.056598235
2775,1.106448403
2776,0.486583057
2777,1.256687518
2778,1.283465752
2779,1.007888205
2780,1.374589208
2781,0.851739252
2782,1.139836133
2783,0.835194588
2784,1.086830446
2785,1.794634928
2786,1.663408148
2787,1.308358965
2788,1.536427555
2789,0.812664179
2790,0.716946411
2791,2.3358185
2792,0.974841142
2793,1.165885656
2794,1.355800959
2795,1.160431722
2796,0.416630551
2797,1.281713139
2798,1.238228111
2799,1.567215084
2800,1.037285406
2801,1.080694374
2802,0.641255466
2803,1.182209899
2804,1.371955955
2805,0.99295809
2806,1.472213183
2807,0.68471535
2808,1.251608082
2809,2.038522317
2810,1.129076867
2811,1.001195143
2812,1.140066682
2813,1.522661347
2814,1.94692868
2815,1.108279269
2816,1.942670263
2817,1.023915117
2818,2.091663468
2819,1.051308641
2820,1.03690546
2821,1.278322649
2822,1.010696918
2823,0.71750268
2824,1.391695519
2825,2.669303032
2826,0.953801431
2827,1.318909541
2828,4.403582932
2829,0.861149544
2830,1.174538154
2831,0.809792614
2832,1.842704365
2833,2.912077633
2834,1.157711085
2835,1.069900671
2836,1.091881795
2837,0.937638844
2838,0.996365021
2839,0.85884948
2840,1.606592859
2841,0.950320296
2842,1.170815516
2843,1.584309017
2844,1.479914312
2845,1.237981064
2846,0.933975966
2847,1.56288525
2848,1.1365758
2849,1.37163187
2850,1.534103792
2851,1.345911307
2852,0.993263925
2853,1.375725103
2854,1.027435757
2855,0.779779835
2856,1.011228848
2857,1.069417481
2858,0.946403184
2859,1.697692553
2860,0.981024027
2861,0.936967721
2862,0.782061393
2863,0.80959048
2864,1.224723505
2865,1.593005054
2866,1.256095159
2867,0.567769793
2868,1.160636466
2869,1.033876746
2870,0.905963012
2871,1.037624303
2872,1.186223268
2873,1.09199773
2874,1.108664623
2875,1.305336287
2876,1.28032168
2877,0.81896005
2878,1.229509493
2879,1.274195565
2880,1.009232173
2881,1.397645996
2882,0.923086821
2883,1.100549609
2884,1.511200539
2885,1.126336541
2886,1.098700042
2887,1.593367394
2888,1.114046329
2889,0.543753275
2890,1.054216958
2891,3.000269456
2892,1.355355036
2893,0.883339686
2894,0.828646375
2895,0.989443426
2896,1.327597208
2897,1.549783302
2898,1.805508239
2899,0.672043389
2900,1.522822017
2901,2.031226371
2902,0.856749657
2903,1.800440626
2904,0.866163429
2905,0.99463817
2906,1.05495301
2907,0.888497944
2908,1.044514495
2909,2.110804393
2910,0.91836298
2911,1.187968026
2912,0.978089367
2913,1.254671496
2914,1.314743451
2915,1.137033187
2916,1.140226057
2917,1.15893951
2918,0.959990963
2919,1.226574109
2920,1.173243488
2921,1.182064882
2922,1.072037928
2923,0.942084621
2924,3.853666631
2925,0.737913052
2926,1.38664946
2927,1.458770469
2928,1.455759787
2929,0.777961794
2930,1.730231071
2931,1.057031332
2932,1.400017513
2933,1.331678132
2934,1.621771321
2935,1.759299561
2936,1.275711535
2937,0.41530939
2938,0.914150616
2939,1.028318062
2940,1.668891307
2941,1.143244197
2942,1.552204964
2943,0.626933953
2944,1.242006104
2945,1.050505487
2946,0.964106497
2947,0.768566619
2948,1.506579888
2949,1.364213172
2950,1.160759392
2951,1.030681573
2952,0.836439725
2953,1.332900089
2954,1.09003645
2955,2.160431405
2956,0.863510138
2957,0.965715421
2958,1.164952088
2959,2.092231634
2960,0.75572609
2961,1.351491588
2962,1.343709667
2963,1.760964637
2964,0.721611491
2965,1.103770251
2966,0.933088134
2967,1.183431144
2968,1.784865284
2969,1.231106271
2970,1.301263814
2971,1.18900176
2972,1.047254986
2973,1.422785131
2974,1.101354094
2975,1.089492204
2976,1.548108064
2977,0.832319906
2978,1.132907618
2979,0.463018548
2980,1.649748442
2981,1.09794335
2982,1.090302028
2983,1.065091607
2984,1.177404382
2985,0.86741619
2986,0.803162652
2987,1.006896166
2988,1.394204957
2989,1.120485381
2990,1.671055905
2991,1.084414477
2992,1.091749124
2993,0.831310826
2994,1.125442655
2995,1.557548993
2996,1.982134126
2997,0.70303504
2998,0.708545942
2999,1.020586487
3000,1.243780812
