shop_id,sale_amt_3m
1,219097.84
2,79214.06
3,134667.29
4,47633.91
5,233025.51
6,105927.87
7,189101.04
8,207094.16
9,447212.23
10,33373.05
11,227926.47
12,146061.99
13,42115.62
14,122426.5
15,250954.45
16,340421.66
17,339309.01
18,42579.64
19,76240.07
20,113332.5
21,45987.53
22,161232.86
23,39113.11
24,276138.3
25,45762.08
26,243194.75
27,102129.36
28,684223.0
29,450845.01
30,86080.58
31,40242.69
32,187385.99
33,28643.3
34,197029.55
35,53600.36
36,181021.88
37,57342.68
38,123875.24
39,534434.32
40,70629.08
41,177278.95
42,39527.74
43,20843.97
44,176156.76
45,143033.97
46,176624.99
47,224695.67
48,110422.55
49,207927.62
50,331734.01
51,89052.84
52,71001.18
53,89640.92
54,118651.94
55,118997.93
56,51175.95
57,31524.23
58,90365.45
59,99635.46
60,28684.52
61,58868.16
62,233570.22
63,42315.5
64,306050.11
65,26782.59
66,44596.63
67,37633.0
68,130436.5
69,280938.31
70,560998.99
71,413761.15
72,374780.08
73,375254.71
74,11847.5
75,233305.12
76,64872.09
77,21663.24
78,766447.13
79,159400.29
80,331835.85
81,216276.04
82,244191.8
83,138361.5
84,255862.26
85,382346.67
86,99369.85
87,76406.51
88,60043.64
89,467169.03
90,135642.26
91,20531.59
92,73319.03
93,314271.83
94,118029.0
95,357551.06
96,774793.9
97,40097.65
98,143729.42
99,28496.78
100,41003.72
101,102555.68
102,314854.08
103,90545.34
104,17746.39
105,81510.23
106,89717.73
107,74426.82
108,76141.26
109,219138.31
110,33469.36
111,694633.3
112,117939.8
113,23103.66
114,32866.41
115,17151.79
116,779264.55
117,135676.36
118,43712.85
119,181593.69
120,159287.94
121,391254.99
122,84273.04
123,69403.37
124,48457.31
125,136464.32
126,14047.02
127,463955.07
128,60226.18
129,225299.11
130,551234.25
131,47173.61
132,57374.15
133,85293.09
134,16480.28
135,44804.11
136,22926.04
137,250653.04
138,203753.41
139,119518.28
140,26274.3
141,125337.3
142,579842.04
143,16415.86
144,24607.68
145,69618.94
146,50449.34
147,571161.03
148,139055.84
149,230330.83
150,403001.97
151,194482.39
152,22391.08
153,72400.76
154,169018.52
155,359436.88
156,147813.9
157,62989.82
158,468129.9
159,221984.55
160,192680.49
161,56076.12
162,142673.98
163,34077.26
164,537845.11
165,77518.87
166,88917.38
167,118854.79
168,306461.76
169,197665.95
170,49399.56
171,508945.81
172,135588.13
173,390896.94
174,93312.29
175,31794.98
176,263277.36
177,302304.57
178,71314.91
179,157677.33
180,83719.65
181,409285.67
182,218881.15
183,788162.61
184,26264.44
185,33871.6
186,351600.36
187,254906.29
188,16857.75
189,164526.98
190,305502.66
191,327935.77
192,348105.97
193,89640.84
194,79120.73
195,13729.07
196,161169.27
197,222043.52
198,188573.09
199,109741.37
200,549637.12
201,157104.12
202,118590.82
203,57045.42
204,34777.51
205,24012.17
206,29352.55
207,52799.02
208,455011.3
209,44762.64
210,168598.52
211,43192.85
212,397011.9
213,80443.74
214,114382.43
215,22619.61
216,62542.16
217,165871.63
218,222093.82
219,11716.42
220,220756.36
221,128660.7
222,345887.74
223,54585.01
224,334935.58
225,51751.05
226,18204.88
227,44070.49
228,256618.17
229,111211.4
230,326678.71
231,231065.1
232,45290.51
233,17206.07
234,155168.9
235,24095.59
236,165124.97
237,182897.87
238,163965.03
239,504156.46
240,194009.6
241,131766.7
242,55646.26
243,158318.22
244,123421.66
245,231082.47
246,211924.42
247,74714.58
248,152041.84
249,79400.23
250,352324.74
251,300918.61
252,93196.23
253,141957.75
254,24283.08
255,46679.35
256,216564.67
257,88512.21
258,305435.61
259,100636.04
260,210479.27
261,20468.82
262,206761.37
263,21565.81
264,580960.55
265,76495.76
266,38206.21
267,8760.08
268,102192.96
269,59668.83
270,145204.41
271,402995.28
272,71612.8
273,51377.14
274,26163.78
275,114818.15
276,45054.54
277,374676.06
278,26199.3
279,297779.83
280,621456.22
281,290037.12
282,173391.13
283,52823.14
284,55760.24
285,35840.66
286,218679.9
287,256465.13
288,442395.34
289,84288.7
290,21002.39
291,76346.51
292,386722.64
293,123413.73
294,20731.48
295,66852.82
296,89737.56
297,93890.94
298,129706.36
299,115683.77
300,44091.76
301,153133.09
302,290411.22
303,92783.39
304,149634.66
305,624472.28
306,70794.85
307,81036.09
308,81853.32
309,34103.53
310,74494.83
311,153412.75
312,309945.43
313,60189.83
314,177055.18
315,46223.76
316,49548.73
317,249541.61
318,67926.03
319,19471.56
320,36171.88
321,145386.01
322,49928.17
323,340657.91
324,22507.28
325,31613.35
326,69921.9
327,256858.03
328,301611.92
329,136599.79
330,317737.92
331,108708.72
332,24176.54
333,50717.78
334,269779.28
335,87163.29
336,334241.22
337,174319.29
338,91195.72
339,84249.08
340,28860.53
341,107404.03
342,26896.41
343,97902.45
344,145747.22
345,17234.96
346,81107.34
347,107388.22
348,113065.84
349,166522.48
350,223125.44
351,230803.77
352,260925.36
353,404258.0
354,48951.39
355,94883.65
356,82013.12
357,288829.6
358,61740.55
359,31669.65
360,16276.27
361,116413.76
362,18203.06
363,402615.64
364,77783.42
365,36478.15
366,21500.44
367,36067.6
368,492337.0
369,16543.55
370,109776.72
371,340437.51
372,182562.41
373,106970.32
374,21826.69
375,75757.44
376,10811.75
377,41984.13
378,54846.73
379,65875.71
380,152007.15
381,12210.92
382,91305.96
383,189274.66
384,167839.06
385,167892.58
386,306661.48
387,205600.02
388,18160.11
389,357995.62
390,13164.9
391,57425.36
392,150324.63
393,61945.82
394,61633.36
395,109657.94
396,65276.56
397,144878.85
398,57472.33
399,136839.58
400,98548.85
401,11168.21
402,263924.82
403,245404.21
404,17868.72
405,125531.65
406,226243.84
407,790745.74
408,74727.47
409,37348.21
410,37450.46
411,60482.24
412,86977.67
413,263799.77
414,29153.37
415,18536.09
416,287770.1
417,89775.72
418,301248.33
419,590684.19
420,383021.87
421,19857.06
422,271646.35
423,47146.85
424,42457.57
425,46570.33
426,19611.23
427,210706.78
428,455217.09
429,301105.08
430,59565.58
431,258704.32
432,82899.28
433,87803.57
434,564549.18
435,14106.52
436,17997.81
437,89536.19
438,19032.32
439,38801.72
440,13123.6
441,66441.49
442,74022.31
443,47096.79
444,121155.07
445,43939.5
446,98545.96
447,12106.85
448,51459.49
449,182690.89
450,129336.18
451,80872.68
452,301846.99
453,235130.45
454,110927.62
455,118780.5
456,268942.42
457,18618.68
458,43621.59
459,213360.09
460,87130.35
461,156776.54
462,546078.06
463,243133.01
464,115489.19
465,218041.69
466,139212.69
467,177137.26
468,12785.79
469,21242.74
470,112363.91
471,517596.15
472,107560.53
473,270455.57
474,48883.75
475,48619.94
476,32447.19
477,18341.57
478,459427.68
479,37955.78
480,153088.49
481,92558.19
482,80007.93
483,180894.1
484,104444.54
485,120235.95
486,328503.87
487,223121.54
488,143982.5
489,319136.73
490,20726.52
491,129216.27
492,46875.44
493,13895.04
494,122923.2
495,108475.68
496,54634.46
497,72155.93
498,39074.04
499,300533.72
500,14287.37
501,36311.37
502,24344.29
503,392640.11
504,53110.57
505,48048.0
506,37106.86
507,293292.57
508,337697.66
509,62578.5
510,180824.06
511,77334.07
512,29778.99
513,33060.34
514,41921.36
515,302872.0
516,43591.27
517,428737.66
518,64886.22
519,98621.3
520,196001.17
521,220966.73
522,188891.66
523,479967.29
524,18750.01
525,62887.24
526,47488.97
527,118609.65
528,178009.43
529,247286.38
530,28919.17
531,10859.66
532,49351.65
533,33782.39
534,74044.52
535,315720.56
536,64183.99
537,56059.79
538,52922.17
539,108922.84
540,147250.31
541,126982.36
542,69578.14
543,138671.89
544,445392.3
545,77710.82
546,41258.12
547,35040.33
548,34357.09
549,87490.13
550,99459.3
551,172897.42
552,34601.74
553,21401.9
554,125403.51
555,329553.65
556,412360.95
557,219784.04
558,28583.71
559,178303.5
560,622049.61
561,126115.93
562,128950.24
563,71246.53
564,34690.12
565,244236.07
566,49451.59
567,196144.38
568,30951.31
569,70637.8
570,318223.61
571,145551.55
572,206627.9
573,35073.91
574,173707.47
575,13966.08
576,182533.87
577,16758.14
578,134783.25
579,690164.15
580,232715.19
581,519402.77
582,52229.11
583,211039.57
584,44262.11
585,53659.34
586,247542.08
587,53086.62
588,238429.28
589,89265.44
590,269778.71
591,355677.79
592,223773.37
593,32211.43
594,229425.21
595,311531.81
596,338694.32
597,68545.2
598,185254.96
599,17953.79
600,187413.47
601,94205.48
602,69235.45
603,203469.28
604,126450.36
605,534467.78
606,77496.9
607,44110.96
608,38670.15
609,23133.11
610,24871.99
611,81757.84
612,187889.74
613,26690.5
614,448012.32
615,266852.01
616,41486.08
617,25988.68
618,65896.99
619,414194.32
620,45678.63
621,24379.93
622,95466.55
623,33031.6
624,606594.65
625,311902.23
626,21653.9
627,51536.88
628,440437.32
629,96097.41
630,324066.8
631,180926.32
632,272295.71
633,243906.52
634,196336.99
635,36963.38
636,170389.75
637,263493.76
638,271293.88
639,38063.57
640,51880.27
641,188244.17
642,41450.56
643,97940.68
644,49452.75
645,163514.8
646,104584.93
647,444631.52
648,36118.69
649,211146.86
650,105700.74
651,135020.7
652,158644.77
653,74376.19
654,491382.23
655,144514.08
656,85485.67
657,163194.64
658,22963.21
659,29975.57
660,263484.72
661,27626.55
662,79798.01
663,192706.09
664,578632.26
665,333802.09
666,122989.36
667,72195.09
668,396678.54
669,128198.75
670,43144.27
671,355826.92
672,81800.13
673,50032.9
674,16781.76
675,79416.83
676,33684.93
677,74812.71
678,203776.37
679,52216.39
680,261144.57
681,441149.59
682,214957.32
683,72259.52
684,57425.94
685,125204.64
686,419039.43
687,103299.74
688,232833.14
689,79792.23
690,118581.8
691,50042.15
692,515557.12
693,145107.45
694,108252.5
695,170637.64
696,46042.05
697,63636.78
698,334658.06
699,34569.61
700,80253.11
701,133181.4
702,180911.12
703,377205.49
704,144575.44
705,129257.31
706,22322.43
707,574325.61
708,64505.12
709,111289.36
710,337194.15
711,36005.04
712,61607.92
713,229542.7
714,104095.68
715,177809.08
716,114787.54
717,194929.59
718,90091.87
719,518700.25
720,103501.46
721,79761.09
722,333515.75
723,179372.69
724,162647.7
725,248041.62
726,532399.17
727,15318.99
728,70469.67
729,52005.44
730,481738.83
731,20881.8
732,9878.18
733,44605.88
734,585263.4
735,38396.43
736,490679.68
737,237219.29
738,151546.59
739,191144.37
740,21543.89
741,359574.15
742,147609.35
743,93973.73
744,67383.9
745,45082.45
746,33466.9
747,124617.65
748,293669.86
749,105391.89
750,36032.3
751,287439.23
752,192393.88
753,72525.48
754,51814.86
755,303902.62
756,63085.8
757,77062.37
758,59488.14
759,63275.93
760,81814.17
761,36928.46
762,142314.4
763,48946.6
764,76039.09
765,143170.95
766,70204.87
767,10058.65
768,48949.7
769,17500.34
770,23881.34
771,465370.55
772,295879.15
773,49995.07
774,483645.26
775,62845.28
776,44116.99
777,116230.24
778,55989.85
779,510059.31
780,20823.98
781,154798.05
782,647889.68
783,142051.08
784,20584.79
785,100864.35
786,196418.02
787,325133.97
788,468384.75
789,365779.89
790,75121.37
791,118613.78
792,77604.34
793,174161.33
794,18731.84
795,218591.53
796,33164.08
797,120316.07
798,195672.92
799,91931.29
800,47287.06
801,222421.64
802,150751.53
803,210780.49
804,66173.82
805,21358.38
806,150010.81
807,493379.56
808,611304.32
809,158807.67
810,19288.53
811,49940.23
812,48804.87
813,101762.64
814,93085.32
815,25370.87
816,118707.94
817,161774.05
818,25908.48
819,251575.7
820,598904.8
821,122545.51
822,40578.68
823,355829.82
824,85175.6
825,30972.69
826,182104.39
827,73888.44
828,73572.23
829,209544.84
830,49866.14
831,132002.51
832,197765.56
833,119955.13
834,597891.82
835,122425.23
836,40833.57
837,148707.13
838,578591.54
839,329747.88
840,155039.85
841,41116.05
842,211676.38
843,96812.26
844,26194.92
845,30169.75
846,129150.49
847,41360.12
848,81114.36
849,215508.36
850,112417.46
851,237830.72
852,171378.77
853,254372.93
854,58054.91
855,171723.36
856,25329.07
857,50104.1
858,115461.11
859,79931.82
860,47231.42
861,157667.64
862,111422.02
863,135300.47
864,61933.72
865,420740.72
866,142365.49
867,15083.59
868,48795.62
869,30497.57
870,21785.39
871,231816.39
872,159855.18
873,138270.79
874,125125.28
875,37222.38
876,29253.19
877,371761.3
878,72732.79
879,16194.34
880,213953.04
881,192522.69
882,296246.43
883,128359.35
884,84830.56
885,755644.52
886,170435.69
887,389488.34
888,60910.89
889,401462.43
890,39856.3
891,70834.75
892,525345.22
893,282721.85
894,78946.37
895,15005.95
896,17632.33
897,200094.52
898,58148.9
899,285766.46
900,28024.99
901,549655.85
902,482868.8
903,71101.53
904,116833.84
905,90362.8
906,200204.94
907,55349.9
908,466687.0
909,65616.36
910,81852.33
911,9971.26
912,646832.33
913,320267.85
914,76229.72
915,191041.81
916,37993.61
917,220633.06
918,11769.15
919,87651.48
920,83792.04
921,19125.86
922,12283.61
923,40733.63
924,134610.33
925,68589.8
926,42391.9
927,126278.2
928,261212.39
929,77867.47
930,53847.32
931,51240.2
932,132701.27
933,13155.81
934,30990.72
935,43350.92
936,51840.25
937,64569.54
938,329378.06
939,77614.13
940,498374.0
941,42222.83
942,467111.86
943,64198.2
944,69353.81
945,484382.99
946,186433.79
947,25271.1
948,67979.91
949,542454.47
950,13647.09
951,104015.18
952,71321.65
953,116849.54
954,126364.79
955,16397.03
956,693675.68
957,235880.42
958,50066.84
959,191841.65
960,79533.13
961,96621.07
962,144358.99
963,93065.33
964,85924.12
965,26697.85
966,34871.43
967,294138.35
968,31799.03
969,89141.22
970,75732.48
971,40111.7
972,13696.82
973,120990.05
974,16443.94
975,108018.42
976,44597.7
977,217977.57
978,412204.6
979,36046.21
980,308215.71
981,148056.6
982,88191.77
983,54322.25
984,21330.54
985,109031.04
986,83004.3
987,252680.68
988,387995.77
989,164373.6
990,30795.74
991,293619.94
992,236845.3
993,75237.0
994,96275.11
995,324019.38
996,148295.86
997,139708.88
998,122182.89
999,53583.27
1000,219394.4
1001,123900.07
1002,72319.4
1003,194778.0
1004,175715.48
1005,35035.86
1006,186260.34
1007,140109.01
1008,105442.27
1009,187500.76
1010,337228.68
1011,356661.38
1012,22803.7
1013,70095.52
1014,158576.79
1015,35311.53
1016,29846.72
1017,266599.15
1018,46742.16
1019,195290.5
1020,94581.29
1021,54441.19
1022,24709.28
1023,129804.61
1024,679937.07
1025,89067.29
1026,36942.17
1027,107289.65
1028,30236.57
1029,29282.59
1030,96566.55
1031,52520.01
1032,254202.26
1033,136563.44
1034,429881.44
1035,154296.17
1036,251676.49
1037,81943.93
1038,246605.66
1039,24651.29
1040,205163.31
1041,479352.86
1042,386105.98
1043,343409.05
1044,193672.87
1045,71040.16
1046,323102.55
1047,31019.0
1048,198590.2
1049,294564.56
1050,483092.95
1051,9595.29
1052,42407.02
1053,164043.79
1054,25826.79
1055,223816.19
1056,21486.32
1057,458883.13
1058,72471.46
1059,130477.8
1060,275950.81
1061,46095.73
1062,56411.92
1063,511222.34
1064,302163.33
1065,155706.1
1066,347286.75
1067,201699.01
1068,47955.1
1069,26835.57
1070,476530.24
1071,43476.71
1072,43571.62
1073,96237.82
1074,18272.28
1075,251646.25
1076,98611.97
1077,293516.75
1078,87305.12
1079,97690.18
1080,75247.49
1081,158538.8
1082,131234.37
1083,510783.48
1084,78123.8
1085,324099.5
1086,121243.24
1087,484577.4
1088,85245.19
1089,208055.93
1090,36214.5
1091,49471.74
1092,109170.63
1093,48904.4
1094,87265.97
1095,40625.19
1096,275024.81
1097,120527.68
1098,405687.32
1099,103105.64
1100,141559.7
1101,34556.31
1102,38131.05
1103,42739.88
1104,43831.79
1105,55324.96
1106,22087.2
1107,354217.01
1108,246660.79
1109,259985.13
1110,70888.76
1111,74440.04
1112,205446.12
1113,97553.57
1114,95027.97
1115,13615.05
1116,27307.73
1117,69495.47
1118,287442.2
1119,64103.57
1120,25560.88
1121,43905.3
1122,32866.41
1123,87583.42
1124,342326.82
1125,34996.05
1126,16733.85
1127,72127.04
1128,25521.69
1129,61187.34
1130,179179.17
1131,64375.78
1132,410661.13
1133,106514.06
1134,42352.26
1135,44242.29
1136,121194.67
1137,113362.3
1138,130937.6
1139,320141.71
1140,30918.08
1141,35457.43
1142,43745.89
1143,9938.72
1144,266358.17
1145,533600.89
1146,58433.32
1147,323351.8
1148,490776.31
1149,36201.62
1150,88517.62
1151,104068.86
1152,90366.11
1153,204442.42
1154,96882.15
1155,402881.13
1156,18407.73
1157,63928.93
1158,43196.14
1159,70480.41
1160,68382.26
1161,99071.68
1162,91356.63
1163,26194.01
1164,13356.19
1165,193166.89
1166,165382.24
1167,35733.57
1168,95560.05
1169,100167.98
1170,15778.22
1171,300992.12
1172,20473.78
1173,29425.94
1174,378380.99
1175,74481.04
1176,68626.97
1177,113462.76
1178,114886.6
1179,19718.52
1180,239976.83
1181,76154.65
1182,120365.55
1183,112015.52
1184,112831.43
1185,21927.15
1186,181796.67
1187,270090.51
1188,252386.31
1189,86756.68
1190,260971.62
1191,16110.26
1192,260137.37
1193,432802.93
1194,112878.1
1195,171851.55
1196,368445.41
1197,519536.17
1198,42149.47
1199,424767.17
1200,385283.33
1201,158675.91
1202,22371.22
1203,127925.35
1204,111122.78
1205,54345.46
1206,44291.6
1207,60830.81
1208,95395.35
1209,147315.72
1210,24171.58
1211,63022.04
1212,101407.97
1213,85831.61
1214,362890.03
1215,393705.72
1216,126927.02
1217,86235.75
1218,183173.74
1219,253438.98
1220,59069.14
1221,305437.41
1222,23614.06
1223,91118.88
1224,26855.44
1225,108375.48
1226,66019.43
1227,27556.32
1228,15323.95
1229,132852.75
1230,169297.12
1231,66619.03
1232,316728.88
1233,42645.59
1234,111592.25
1235,220856.66
1236,27528.26
1237,48207.04
1238,8905.45
1239,61486.42
1240,98388.45
1241,92217.07
1242,198446.11
1243,38447.31
1244,79654.96
1245,29080.15
1246,165662.0
1247,189360.15
1248,56827.37
1249,17209.6
1250,114737.44
1251,72156.27
1252,57520.15
1253,367284.11
1254,33062.99
1255,697701.64
1256,56620.06
1257,67838.18
1258,344125.98
1259,37140.14
1260,88582.87
1261,15801.84
1262,211000.46
1263,178781.37
1264,92552.33
1265,195577.18
1266,226421.42
1267,331298.86
1268,426529.06
1269,37210.11
1270,20156.61
1271,179731.03
1272,109340.78
1273,319695.65
1274,43983.27
1275,39916.76
1276,400777.43
1277,322043.13
1278,391057.44
1279,34240.8
1280,640342.51
1281,62643.92
1282,300452.44
1283,314849.17
1284,183662.71
1285,443350.77
1286,36941.67
1287,226665.24
1288,216409.92
1289,180211.29
1290,57085.32
1291,92993.47
1292,14786.25
1293,222854.15
1294,269241.41
1295,67404.55
1296,20333.37
1297,308969.83
1298,58818.75
1299,46455.19
1300,425467.54
1301,118429.59
1302,96429.12
1303,23713.17
1304,208286.41
1305,48679.65
1306,71361.7
1307,36906.81
1308,213721.69
1309,18647.18
1310,153300.76
1311,56995.87
1312,324031.04
1313,45485.35
1314,70613.13
1315,75045.83
1316,81520.38
1317,62046.0
1318,64196.67
1319,12788.6
1320,48130.73
1321,38249.57
1322,255001.45
1323,344586.04
1324,110349.27
1325,79210.76
1326,228023.7
1327,187504.22
1328,80854.9
1329,185402.83
1330,71039.58
1331,535142.42
1332,46716.03
1333,14870.33
1334,53466.56
1335,32583.11
1336,22589.46
1337,52566.62
1338,101279.5
1339,108337.77
1340,91174.72
1341,321870.69
1342,221763.19
1343,118209.47
1344,241690.19
1345,86937.98
1346,207067.8
1347,95491.49
1348,152041.01
1349,63553.26
1350,309280.24
1351,85686.25
1352,63596.73
1353,97605.26
1354,55269.62
1355,103483.64
1356,9027.69
1357,85484.99
1358,38044.32
1359,346334.59
1360,18533.24
1361,51028.34
1362,307574.74
1363,20039.33
1364,80923.42
1365,206963.73
1366,103471.54
1367,24555.4
1368,16465.58
1369,28492.15
1370,45591.9
1371,234428.47
1372,37018.21
1373,16999.25
1374,55775.52
1375,195784.94
1376,35639.14
1377,120878.22
1378,65986.39
1379,13807.16
1380,42717.99
1381,576984.32
1382,133269.2
1383,58006.71
1384,28498.76
1385,60841.51
1386,110157.81
1387,486963.04
1388,12647.85
1389,355558.03
1390,53198.66
1391,96966.32
1392,93156.55
1393,84224.59
1394,68180.04
1395,330062.61
1396,116237.17
1397,19078.74
1398,235379.89
1399,406675.22
1400,50257.72
1401,187386.51
1402,203196.55
1403,233018.65
1404,28301.4
1405,72937.59
1406,80760.21
1407,104234.44
1408,327273.18
1409,150336.29
1410,56550.35
1411,320556.48
1412,28814.11
1413,136398.91
1414,257765.43
1415,182195.07
1416,128718.74
1417,83057.73
1418,201972.56
1419,141176.07
1420,42840.47
1421,79453.65
1422,209642.67
1423,15646.32
1424,178921.56
1425,90619.86
1426,28677.6
1427,112230.8
1428,274828.34
1429,127740.58
1430,274299.4
1431,191668.69
1432,74172.53
1433,9491.05
1434,268310.44
1435,150642.26
1436,273079.71
1437,192127.1
1438,29153.58
1439,46236.97
1440,406574.8
1441,41336.58
1442,102356.5
1443,306889.2
1444,9273.0
1445,365855.09
1446,85870.43
1447,65008.46
1448,194430.68
1449,406529.01
1450,47705.77
1451,65416.48
1452,294482.18
1453,58538.75
1454,15855.86
1455,304195.96
1456,89905.23
1457,20100.2
1458,282047.68
1459,157712.85
1460,115521.73
1461,143647.47
1462,101381.87
1463,92974.81
1464,183701.36
1465,23520.81
1466,26886.49
1467,229419.64
1468,11977.18
1469,423512.34
1470,163199.75
1471,22850.22
1472,97010.09
1473,62969.67
1474,28976.16
1475,410447.8
1476,11326.57
1477,79996.57
1478,239331.91
1479,91387.48
1480,57815.87
1481,168450.76
1482,130820.4
1483,641124.51
1484,42947.69
1485,139824.39
1486,202818.28
1487,47756.73
1488,42538.42
1489,43919.34
1490,50753.63
1491,211518.42
1492,151885.73
1493,138735.76
1494,122632.88
1495,311181.44
1496,28595.4
1497,216133.48
1498,258663.57
1499,172697.32
1500,184488.91
1501,396943.34
1502,107537.51
1503,53546.68
1504,115518.01
1505,267777.24
1506,246739.25
1507,271348.19
1508,46671.43
1509,227609.39
1510,109822.31
1511,120198.79
1512,48992.36
1513,54007.73
1514,432702.35
1515,552943.16
1516,118324.69
1517,123289.59
1518,234202.91
1519,417067.28
1520,78293.97
1521,98154.04
1522,334614.39
1523,191396.39
1524,57701.4
1525,142670.55
1526,133206.26
1527,307554.5
1528,130866.43
1529,167564.01
1530,113123.65
1531,157543.59
1532,33077.85
1533,78692.06
1534,53632.08
1535,281034.57
1536,21188.97
1537,161394.85
1538,51574.1
1539,264413.79
1540,603650.1
1541,39694.91
1542,115715.4
1543,141809.08
1544,32182.52
1545,36576.82
1546,30192.79
1547,206298.18
1548,285874.66
1549,44976.15
1550,667169.38
1551,59566.65
1552,76124.28
1553,268779.69
1554,366809.07
1555,732267.12
1556,313062.96
1557,165680.84
1558,89579.8
1559,83264.96
1560,724846.06
1561,326155.18
1562,134434.77
1563,79096.11
1564,186651.06
1565,36997.34
1566,261436.56
1567,115706.38
1568,38673.33
1569,126576.81
1570,236889.74
1571,415392.21
1572,54127.32
1573,96976.23
1574,44912.59
1575,151149.64
1576,11138.01
1577,11263.55
1578,213482.17
1579,39086.27
1580,602192.59
1581,148405.32
1582,131929.08
1583,394373.79
1584,170609.14
1585,92287.27
1586,259796.86
1587,228656.62
1588,271479.57
1589,88686.12
1590,204827.68
1591,77695.53
1592,23273.77
1593,304113.55
1594,15062.15
1595,456820.25
1596,129689.01
1597,76953.42
1598,113853.18
1599,16494.0
1600,61473.2
1601,54474.22
1602,58637.2
1603,85533.94
1604,118057.91
1605,66176.23
1606,135995.43
1607,61118.19
1608,153109.38
1609,314831.17
1610,43300.55
1611,15675.8
1612,202604.83
1613,656235.95
1614,47132.84
1615,39070.99
1616,26439.65
1617,47456.91
1618,22148.65
1619,58085.3
1620,64284.09
1621,66865.45
1622,18552.92
1623,332919.49
1624,227512.74
1625,217065.67
1626,68025.18
1627,67900.95
1628,72611.38
1629,50273.09
1630,270580.29
1631,67663.08
1632,122186.86
1633,245193.89
1634,161902.72
1635,26028.74
1636,376102.84
1637,56733.47
1638,563448.84
1639,223795.04
1640,41549.41
1641,34354.78
1642,696698.1
1643,10364.91
1644,318672.73
1645,182687.1
1646,48494.11
1647,277756.26
1648,82482.7
1649,242015.53
1650,63695.93
1651,117102.28
1652,85148.55
1653,64360.33
1654,151139.44
1655,188565.16
1656,97214.1
1657,149020.16
1658,204318.19
1659,377076.15
1660,81891.29
1661,168383.41
1662,346235.85
1663,130513.81
1664,616425.66
1665,60349.24
1666,773583.38
1667,12980.46
1668,722923.67
1669,77362.27
1670,109997.25
1671,116632.81
1672,183785.03
1673,20725.69
1674,70710.69
1675,296339.52
1676,112789.97
1677,57619.63
1678,30526.81
1679,258561.2
1680,78834.68
1681,25613.7
1682,368450.53
1683,96924.19
1684,46148.43
1685,33236.44
1686,245186.43
1687,72750.14
1688,133345.51
1689,45654.82
1690,641813.54
1691,82717.76
1692,225294.33
1693,44750.77
1694,349610.49
1695,654346.09
1696,247904.02
1697,358593.58
1698,155142.47
1699,661774.57
1700,87165.95
1701,41331.63
1702,82621.0
1703,204369.07
1704,68744.25
1705,31831.91
1706,130020.58
1707,31613.44
1708,74579.33
1709,42664.72
1710,666924.15
1711,110257.42
1712,26609.8
1713,193015.82
1714,18447.54
1715,377901.77
1716,70799.85
1717,14915.93
1718,14906.01
1719,142360.75
1720,77691.41
1721,47008.83
1722,20228.96
1723,88122.88
1724,47963.55
1725,16640.06
1726,190177.07
1727,161869.22
1728,30013.4
1729,28505.12
1730,261785.85
1731,41942.83
1732,24087.33
1733,30851.08
1734,390967.64
1735,166313.76
1736,44832.85
1737,208116.45
1738,80225.03
1739,531430.55
1740,262977.2
1741,45450.75
1742,43785.54
1743,28799.98
1744,174149.11
1745,204512.35
1746,160868.74
1747,676427.59
1748,88599.39
1749,232092.62
1750,15033.21
1751,255947.0
1752,149134.47
1753,91814.83
1754,193092.64
1755,17214.83
1756,285494.29
1757,37115.88
1758,39146.24
1759,33758.11
1760,169780.79
1761,25882.3
1762,225951.66
1763,53198.45
1764,262040.98
1765,163842.42
1766,105438.97
1767,387726.84
1768,109666.27
1769,40816.23
1770,18636.36
1771,470501.83
1772,68618.71
1773,131345.88
1774,8876.54
1775,534027.5
1776,47447.82
1777,45740.9
1778,22181.03
1779,105334.07
1780,318553.42
1781,158004.82
1782,17501.33
1783,73945.29
1784,59283.35
1785,62605.75
1786,285471.09
1787,14435.86
1788,46175.03
1789,66888.2
1790,94644.69
1791,244709.06
1792,29337.1
1793,116309.38
1794,271006.93
1795,52098.12
1796,218769.11
1797,105798.79
1798,503655.75
1799,95106.27
1800,49843.47
1801,152641.25
1802,308196.97
1803,192237.77
1804,94042.44
1805,77320.15
1806,36555.18
1807,68910.27
1808,143596.44
1809,68249.51
1810,28089.91
1811,676372.65
1812,335557.11
1813,24993.4
1814,406821.77
1815,134241.76
1816,8989.7
1817,68648.94
1818,130856.42
1819,351434.86
1820,218467.63
1821,48344.23
1822,24745.62
1823,41469.56
1824,53806.03
1825,80670.63
1826,89767.29
1827,156108.01
1828,414067.79
1829,99375.74
1830,134717.26
1831,164873.22
1832,404411.89
1833,194220.48
1834,36943.33
1835,142305.81
1836,60379.8
1837,150133.3
1838,78646.13
1839,86616.67
1840,93392.24
1841,11147.09
1842,47542.56
1843,197453.68
1844,75077.83
1845,329617.1
1846,107898.95
1847,29251.2
1848,46968.04
1849,30365.21
1850,47051.2
1851,209249.23
1852,391621.48
1853,610385.86
1854,480470.87
1855,103262.57
1856,445523.55
1857,163685.7
1858,121217.19
1859,63307.82
1860,55523.19
1861,39304.73
1862,203201.5
1863,102119.45
1864,205055.87
1865,118767.53
1866,123074.03
1867,24069.16
1868,75365.11
1869,8601.42
1870,24878.68
1871,20892.54
1872,302800.47
1873,546932.68
1874,149014.3
1875,52418.84
1876,42714.27
1877,567445.48
1878,210327.84
1879,32573.2
1880,249546.11
1881,28841.2
1882,105306.02
1883,28297.14
1884,96567.22
1885,385732.96
1886,138885.2
1887,81751.4
1888,585594.73
1889,16517.3
1890,426268.06
1891,114300.64
1892,92456.11
1893,628893.87
1894,212450.55
1895,24045.21
1896,75592.91
1897,13059.18
1898,132212.11
1899,188917.43
1900,46091.94
1901,69183.25
1902,75975.89
1903,69769.43
1904,33786.52
1905,39474.38
1906,63629.19
1907,42158.28
1908,532414.24
1909,587346.96
1910,54762.4
1911,169083.61
1912,453630.3
1913,90010.95
1914,81687.8
1915,59829.72
1916,477866.63
1917,112882.47
1918,45681.53
1919,75664.37
1920,91819.81
1921,53074.23
1922,433000.79
1923,30709.02
1924,278247.05
1925,103187.66
1926,98815.15
1927,40185.78
1928,107720.91
1929,138865.74
1930,18272.61
1931,33236.44
1932,38031.11
1933,233159.31
1934,91148.21
1935,120877.49
1936,309445.92
1937,29309.85
1938,113212.86
1939,39455.92
1940,605921.92
1941,292064.37
1942,75255.66
1943,170811.17
1944,397644.58
1945,146953.13
1946,229740.22
1947,125898.62
1948,94422.37
1949,83027.17
1950,139528.62
1951,61484.93
1952,35055.83
1953,409968.78
1954,190695.72
1955,527725.45
1956,243382.13
1957,123078.02
1958,69878.29
1959,29853.53
1960,339505.29
1961,261180.92
1962,65791.98
1963,42442.53
1964,98502.59
1965,48975.43
1966,220804.1
1967,142669.72
1968,66616.67
1969,56145.13
1970,83884.01
1971,264479.12
1972,29019.77
1973,112538.97
1974,50682.76
1975,169688.37
1976,112422.75
1977,34777.09
1978,27661.64
1979,108987.68
1980,192673.38
1981,179113.18
1982,104428.14
1983,535443.81
1984,81848.52
1985,177401.97
1986,54441.35
1987,728415.69
1988,187585.33
1989,219485.95
1990,54868.21
1991,107205.68
1992,73654.92
1993,313606.39
1994,23095.53
1995,78704.12
1996,255819.99
1997,50981.26
1998,36494.83
1999,64058.44
2000,336999.75
2001,84127.5
2002,56475.43
2003,205054.37
2004,153349.32
2005,279939.19
2006,368341.01
2007,122877.79
2008,97366.08
2009,198674.38
2010,15962.08
2011,65543.68
2012,96405.78
2013,120888.61
2014,126747.62
2015,78892.93
2016,103672.92
2017,368516.06
2018,74545.73
2019,227344.92
2020,173226.78
2021,622231.72
2022,499716.62
2023,107498.9
2024,371771.87
2025,122299.32
2026,483874.34
2027,93398.27
2028,147617.03
2029,87176.1
2030,41730.02
2031,106070.24
2032,392368.71
2033,141700.05
2034,65319.84
2035,143871.9
2036,42789.85
2037,56622.29
2038,28050.43
2039,30196.84
2040,271563.17
2041,523519.49
2042,407100.43
2043,469017.47
2044,244049.94
2045,21017.75
2046,238313.35
2047,575324.06
2048,43499.26
2049,179810.2
2050,17409.48
2051,13726.22
2052,245895.03
2053,47415.49
2054,133937.06
2055,253898.39
2056,70636.48
2057,61457.68
2058,28970.38
2059,89151.98
2060,107555.24
2061,31390.43
2062,22376.78
2063,178794.53
2064,69954.19
2065,122023.32
2066,12177.88
2067,12208.44
2068,33813.53
2069,76811.03
2070,415013.67
2071,25545.14
2072,147875.97
2073,26979.23
2074,335457.47
2075,11086.8
2076,121415.58
2077,176968.17
2078,80362.72
2079,103950.04
2080,24240.63
2081,162439.14
2082,314145.86
2083,157023.72
2084,32223.35
2085,435307.45
2086,38644.79
2087,31319.39
2088,19060.9
2089,65647.25
2090,593330.07
2091,35021.33
2092,59410.81
2093,801385.2
2094,258786.31
2095,90029.53
2096,161160.42
2097,41800.77
2098,719265.1
2099,56256.76
2100,73794.97
2101,177441.12
2102,173577.79
2103,33889.69
2104,38698.48
2105,450098.25
2106,97246.68
2107,150927.81
2108,53241.49
2109,24668.06
2110,109266.77
2111,29490.73
2112,76315.15
2113,154166.14
2114,352166.94
2115,95333.93
2116,73110.75
2117,19314.14
2118,121422.19
2119,616889.25
2120,35168.35
2121,112794.76
2122,570616.45
2123,33589.96
2124,73861.05
2125,347217.53
2126,198801.32
2127,143296.54
2128,88192.26
2129,132349.58
2130,62989.0
2131,370369.88
2132,59840.29
2133,383295.79
2134,286862.26
2135,185610.75
2136,191441.55
2137,236338.0
2138,45586.86
2139,30910.55
2140,385422.59
2141,15855.04
2142,185928.38
2143,126203.1
2144,37059.12
2145,428886.99
2146,144186.2
2147,12561.13
2148,664460.89
2149,609153.17
2150,359474.8
2151,34717.34
2152,44903.39
2153,39618.59
2154,91257.05
2155,42943.89
2156,51939.37
2157,102150.01
2158,135005.68
2159,80910.57
2160,49680.15
2161,127672.85
2162,531093.21
2163,148150.76
2164,335137.94
2165,145523.4
2166,77591.89
2167,55475.28
2168,214571.44
2169,156431.19
2170,37003.14
2171,464579.33
2172,101088.66
2173,319911.31
2174,50837.89
2175,140361.59
2176,74252.14
2177,401542.09
2178,314513.86
2179,334058.33
2180,33012.6
2181,116726.47
2182,26992.22
2183,268039.3
2184,10951.34
2185,202696.02
2186,23575.66
2187,34750.21
2188,72704.98
2189,22128.17
2190,38613.41
2191,11464.26
2192,117452.45
2193,263784.33
2194,138711.75
2195,332434.01
2196,51944.32
2197,108652.76
2198,112637.99
2199,85119.06
2200,30722.7
2201,129206.65
2202,279795.8
2203,54723.7
2204,9790.05
2205,17885.23
2206,299145.7
2207,34136.65
2208,121659.8
2209,47522.08
2210,81374.52
2211,73836.1
2212,73283.37
2213,330533.44
2214,143337.62
2215,36097.22
2216,83904.66
2217,317094.95
2218,40311.29
2219,20997.43
2220,309622.53
2221,26460.8
2222,268659.61
2223,137368.76
2224,124059.68
2225,248096.32
2226,142560.07
2227,15703.72
2228,38055.06
2229,333710.69
2230,293675.81
2231,216363.68
2232,19138.21
2233,45254.91
2234,93354.41
2235,40174.92
2236,33220.74
2237,43971.92
2238,58779.1
2239,12286.91
2240,161465.99
2241,409377.48
2242,68019.82
2243,92863.47
2244,68565.39
2245,236758.41
2246,193699.63
2247,47793.07
2248,48557.91
2249,498568.4
2250,95204.39
2251,127440.68
2252,196598.53
2253,66933.43
2254,29181.82
2255,714182.83
2256,78127.93
2257,151457.76
2258,152463.16
2259,94505.8
2260,139219.68
2261,29330.5
2262,74487.3
2263,77310.76
2264,421081.16
2265,34551.36
2266,203360.09
2267,22700.69
2268,46587.26
2269,461277.98
2270,215423.81
2271,185726.31
2272,17927.36
2273,58595.74
2274,73993.99
2275,485336.57
2276,66265.73
2277,129112.49
2278,546206.5
2279,316356.54
2280,167900.42
2281,579686.26
2282,42760.53
2283,24102.2
2284,267681.35
2285,53108.76
2286,41098.92
2287,270771.25
2288,65233.12
2289,156561.22
2290,18162.26
2291,260321.23
2292,70300.02
2293,347306.57
2294,38240.07
2295,21891.47
2296,316362.97
2297,208172.1
2298,35141.09
2299,324601.23
2300,233451.83
2301,235031.03
2302,76440.5
2303,346517.95
2304,45667.06
2305,60419.2
2306,24258.85
2307,22891.35
2308,137689.21
2309,34159.86
2310,305255.79
2311,530000.04
2312,31852.55
2313,45114.13
2314,15262.96
2315,93372.21
2316,158776.1
2317,182862.36
2318,429724.1
2319,81897.92
2320,34502.63
2321,251864.64
2322,364228.91
2323,29691.44
2324,81263.16
2325,123825.55
2326,543326.56
2327,35235.25
2328,34403.02
2329,65998.8
2330,447422.77
2331,188772.31
2332,235283.27
2333,29894.14
2334,95943.78
2335,19459.43
2336,230524.16
2337,134020.2
2338,41187.08
2339,262847.78
2340,262670.28
2341,39064.02
2342,100164.46
2343,36789.53
2344,198619.93
2345,398245.4
2346,419062.01
2347,477196.0
2348,45648.89
2349,44249.72
2350,38126.92
2351,80142.77
2352,36118.2
2353,209392.04
2354,43882.17
2355,188260.11
2356,8481.73
2357,40409.36
2358,261069.59
2359,97097.58
2360,108913.68
2361,69009.05
2362,277417.96
2363,22641.08
2364,78535.46
2365,66002.91
2366,159612.29
2367,104315.98
2368,41212.69
2369,667728.86
2370,407972.24
2371,66938.71
2372,69161.65
2373,53541.14
2374,144684.23
2375,97415.67
2376,75023.16
2377,243836.85
2378,84538.92
2379,87109.79
2380,63068.12
2381,40898.0
2382,34210.57
2383,24601.29
2384,62478.56
2385,241164.88
2386,54143.76
2387,419667.2
2388,15517.22
2389,100633.3
2390,155137.68
2391,56504.9
2392,315847.94
2393,37316.66
2394,46085.0
2395,90366.69
2396,406691.68
2397,110787.55
2398,437161.41
2399,520389.08
2400,153054.46
2401,108248.37
2402,96599.59
2403,308299.35
2404,91112.52
2405,24777.0
2406,435530.13
2407,339198.74
2408,85001.91
2409,426301.09
2410,26360.36
2411,470406.03
2412,149033.71
2413,15155.45
2414,27561.3
2415,229445.73
2416,145088.95
2417,99967.84
2418,23140.16
2419,153696.42
2420,412248.62
2421,250817.0
2422,19700.6
2423,378280.25
2424,96986.39
2425,84952.28
2426,233004.45
2427,476803.02
2428,157007.56
2429,160853.95
2430,189745.7
2431,52578.17
2432,97687.05
2433,278337.0
2434,314559.43
2435,30148.93
2436,59784.29
2437,146346.05
2438,49059.68
2439,40942.6
2440,329867.85
2441,70581.34
2442,260474.62
2443,32122.72
2444,146849.8
2445,164319.02
2446,172922.23
2447,19649.18
2448,383201.92
2449,54084.37
2450,383859.38
2451,85812.58
2452,450095.21
2453,457215.16
2454,750574.53
2455,173657.08
2456,33992.19
2457,254013.03
2458,90454.65
2459,60006.64
2460,75272.27
2461,14763.95
2462,159617.09
2463,20678.61
2464,233544.37
2465,46989.81
2466,219206.9
2467,219467.34
2468,34195.37
2469,47276.44
2470,183274.04
2471,70086.94
2472,31157.6
2473,12553.03
2474,616291.53
2475,46718.5
2476,95664.4
2477,108183.53
2478,100590.28
2479,385883.83
2480,200713.73
2481,61246.4
2482,164003.2
2483,126757.95
2484,15257.87
2485,70946.41
2486,73139.41
2487,25706.2
2488,23047.45
2489,9687.63
2490,109708.28
2491,70060.16
2492,298958.37
2493,49967.66
2494,498736.37
2495,34131.77
2496,461724.68
2497,202699.65
2498,154822.83
2499,35711.83
2500,145045.75
2501,550157.21
2502,22387.52
2503,104996.25
2504,82148.43
2505,594092.37
2506,173448.22
2507,123027.82
2508,212043.35
2509,64813.53
2510,336487.42
2511,11658.85
2512,37702.82
2513,246984.78
2514,57631.03
2515,40993.81
2516,107628.49
2517,180529.2
2518,191594.48
2519,663873.43
2520,504920.23
2521,99625.75
2522,89444.9
2523,112808.96
2524,67246.8
2525,18014.41
2526,320468.56
2527,12264.53
2528,197199.62
2529,133798.96
2530,16396.86
2531,141596.81
2532,87129.62
2533,323979.12
2534,194150.48
2535,103735.71
2536,159994.13
2537,51447.92
2538,25526.97
2539,58619.12
2540,82380.77
2541,24994.23
2542,15666.47
2543,50656.45
2544,778539.44
2545,24977.71
2546,49502.35
2547,266112.03
2548,215757.67
2549,167591.93
2550,68088.94
2551,135501.95
2552,31891.78
2553,67755.3
2554,79842.82
2555,37504.97
2556,234232.64
2557,223694.28
2558,233971.41
2559,78186.33
2560,41287.85
2561,33232.97
2562,43830.64
2563,202693.04
2564,14352.13
2565,47747.15
2566,119186.16
2567,28870.67
2568,20115.23
2569,55069.74
2570,10801.68
2571,198026.54
2572,19900.98
2573,98789.18
2574,114951.49
2575,20823.16
2576,63084.15
2577,42831.56
2578,112113.11
2579,70089.47
2580,55680.95
2581,70399.81
2582,43797.1
2583,131846.9
2584,576709.57
2585,95674.56
2586,177470.31
2587,22675.36
2588,234493.64
2589,563461.86
2590,26419.42
2591,38123.28
2592,54221.9
2593,138428.2
2594,261229.51
2595,32947.02
2596,83333.51
2597,12145.51
2598,37627.55
2599,47927.7
2600,23268.23
2601,76675.17
2602,468486.56
2603,201565.12
2604,82972.16
2605,37683.76
2606,72459.98
2607,16006.19
2608,319792.35
2609,31016.42
2610,259683.62
2611,33573.43
2612,36623.68
2613,39389.8
2614,822425.58
2615,319630.46
2616,63306.16
2617,107418.89
2618,165499.13
2619,36238.95
2620,19753.38
2621,48863.03
2622,82420.42
2623,8357.01
2624,102867.34
2625,61151.25
2626,112232.61
2627,235369.9
2628,62864.28
2629,156268.17
2630,190613.7
2631,208874.8
2632,71698.69
2633,440050.18
2634,620327.31
2635,24120.37
2636,128425.3
2637,17595.37
2638,15058.82
2639,107178.92
2640,43731.85
2641,605127.01
2642,34585.22
2643,21971.63
2644,480067.52
2645,53001.55
2646,467737.95
2647,15305.78
2648,204371.88
2649,52507.36
2650,41607.91
2651,314136.04
2652,17060.11
2653,44071.15
2654,301447.17
2655,187303.56
2656,70612.56
2657,270829.73
2658,72613.37
2659,42797.7
2660,39388.81
2661,136497.77
2662,210337.76
2663,136609.28
2664,69144.18
2665,73204.41
2666,33101.14
2667,86644.25
2668,21516.71
2669,123971.11
2670,16999.73
2671,35132.71
2672,24788.57
2673,119941.02
2674,42673.47
2675,38866.43
2676,288722.99
2677,625457.01
2678,322638.59
2679,126510.6
2680,207224.36
2681,63614.22
2682,93791.68
2683,71147.78
2684,211084.7
2685,76564.4
2686,380625.19
2687,49374.78
2688,237445.79
2689,42848.08
2690,90472.0
2691,99908.29
2692,45308.63
2693,66363.02
2694,235588.51
2695,330441.49
2696,79342.75
2697,284159.91
2698,487672.04
2699,172973.52
2700,34670.38
2701,67476.91
2702,285038.42
2703,337348.68
2704,23032.59
2705,127774.45
2706,247788.98
2707,43148.63
2708,26060.62
2709,355688.84
2710,179727.36
2711,125313.1
2712,33105.94
2713,91802.68
2714,29421.35
2715,46188.53
2716,157910.17
2717,100750.51
2718,44900.58
2719,32672.81
2720,124967.36
2721,745899.51
2722,254423.6
2723,325433.46
2724,12635.46
2725,137059.26
2726,206202.15
2727,174915.01
2728,22320.61
2729,243352.67
2730,15390.02
2731,106563.5
2732,193057.41
2733,203497.19
2734,144231.03
2735,448610.8
2736,25641.78
2737,17632.49
2738,31940.84
2739,515037.66
2740,406653.19
2741,407650.78
2742,48690.31
2743,44845.9
2744,128592.97
2745,55948.65
2746,46474.85
2747,55687.55
2748,80474.8
2749,41503.42
2750,16759.46
2751,727485.45
2752,130041.45
2753,329255.32
2754,346917.69
2755,149192.13
2756,382415.53
2757,33735.8
2758,50111.86
2759,561171.32
2760,92929.5
2761,443566.03
2762,62297.67
2763,171045.78
2764,111246.82
2765,95252.62
2766,38620.01
2767,25691.34
2768,40554.4
2769,142038.94
2770,165325.8
2771,36882.87
2772,17725.82
2773,253989.82
2774,168642.07
2775,117968.71
2776,65694.25
2777,281722.26
2778,89761.77
2779,165581.72
2780,35908.82
2781,62150.57
2782,14804.83
2783,22176.07
2784,113422.81
2785,168976.4
2786,28112.13
2787,80794.28
2788,66099.71
2789,143187.43
2790,57053.52
2791,48602.45
2792,159365.09
2793,19291.84
2794,111048.03
2795,25872.8
2796,42529.43
2797,101601.58
2798,58455.87
2799,151687.88
2800,165167.09
2801,278539.67
2802,71547.54
2803,21523.94
2804,288009.61
2805,101656.12
2806,89891.85
2807,189321.61
2808,69204.64
2809,206246.68
2810,123581.11
2811,132418.35
2812,185866.69
2813,336371.91
2814,419022.78
2815,340633.49
2816,309673.16
2817,183527.16
2818,283702.9
2819,69404.19
2820,214179.77
2821,228873.84
2822,38187.95
2823,23264.68
2824,446182.83
2825,121364.24
2826,64151.12
2827,297896.44
2828,129280.74
2829,28419.02
2830,177388.16
2831,19794.02
2832,38141.29
2833,56938.66
2834,46625.17
2835,195345.61
2836,20985.04
2837,39392.28
2838,54774.35
2839,42933.98
2840,94114.29
2841,527171.33
2842,34069.83
2843,195598.11
2844,500673.57
2845,163650.71
2846,31534.97
2847,82951.51
2848,115615.15
2849,394343.23
2850,304746.42
2851,78276.6
2852,121697.06
2853,111145.23
2854,56931.14
2855,49607.94
2856,92153.74
2857,11782.66
2858,10617.65
2859,704864.36
2860,244744.03
2861,68476.59
2862,203619.78
2863,25859.34
2864,15592.8
2865,489675.56
2866,22893.0
2867,53105.53
2868,110157.04
2869,378109.3
2870,59807.42
2871,23074.71
2872,33355.59
2873,99647.37
2874,45952.02
2875,161808.22
2876,194867.61
2877,104295.84
2878,67773.76
2879,358758.77
2880,153584.72
2881,226446.8
2882,73392.39
2883,319064.2
2884,29392.11
2885,29064.54
2886,511349.7
2887,514866.24
2888,26366.97
2889,10896.0
2890,382032.37
2891,316777.18
2892,171798.38
2893,125256.64
2894,179647.41
2895,24927.82
2896,90612.24
2897,126859.0
2898,584759.36
2899,8603.15
2900,56361.12
2901,59100.4
2902,94832.54
2903,211970.34
2904,57350.95
2905,386414.89
2906,27716.58
2907,104162.63
2908,53980.53
2909,84861.45
2910,77174.78
2911,93212.64
2912,20544.64
2913,13700.95
2914,117491.47
2915,173113.28
2916,23593.74
2917,349485.36
2918,183531.13
2919,86063.48
2920,289280.37
2921,53364.39
2922,313150.93
2923,38840.83
2924,272543.79
2925,30273.37
2926,352026.66
2927,163900.9
2928,332116.47
2929,26765.9
2930,167755.73
2931,638989.52
2932,52922.44
2933,119160.61
2934,331388.6
2935,79319.78
2936,294046.61
2937,37711.16
2938,57792.09
2939,206592.05
2940,178033.82
2941,456887.62
2942,611409.22
2943,21386.46
2944,71573.98
2945,106840.61
2946,603047.91
2947,21581.22
2948,129565.78
2949,231591.12
2950,366397.37
2951,101550.86
2952,67049.0
2953,145613.51
2954,99413.21
2955,76761.1
2956,119801.54
2957,293604.47
2958,141441.12
2959,21773.75
2960,114787.13
2961,37270.07
2962,119632.42
2963,344735.7
2964,43092.56
2965,28798.58
2966,138515.17
2967,55652.53
2968,459109.92
2969,714445.92
2970,105008.06
2971,483800.5
2972,277341.7
2973,228094.41
2974,139921.63
2975,219168.56
2976,320012.22
2977,22840.14
2978,215978.12
2979,20113.66
2980,74962.54
2981,9860.75
2982,623455.35
2983,158838.89
2984,44657.5
2985,80011.97
2986,41490.21
2987,12422.37
2988,87948.54
2989,512352.91
2990,217663.32
2991,14366.67
2992,134478.36
2993,25553.73
2994,27617.71
2995,416190.19
2996,90645.61
2997,82786.32
2998,41148.26
2999,48481.42
3000,130825.53
